Fitter report for ESM
Sun Apr 13 22:24:53 2025
Quartus Prime Version 20.1.1 Build 720 11/11/2020 SJ Lite Edition


---------------------
; Table of Contents ;
---------------------
  1. Legal Notice
  2. Fitter Summary
  3. Fitter Settings
  4. Parallel Compilation
  5. Fitter Netlist Optimizations
  6. Incremental Compilation Preservation Summary
  7. Incremental Compilation Partition Settings
  8. Incremental Compilation Placement Preservation
  9. Pin-Out File
 10. Fitter Resource Usage Summary
 11. Fitter Partition Statistics
 12. Input Pins
 13. Output Pins
 14. I/O Bank Usage
 15. All Package Pins
 16. I/O Assignment Warnings
 17. Fitter Resource Utilization by Entity
 18. Delay Chain Summary
 19. Pad To Core Delay Chain Fanout
 20. Control Signals
 21. Global & Other Fast Signals
 22. Fitter RAM Summary
 23. Routing Usage Summary
 24. I/O Rules Summary
 25. I/O Rules Details
 26. I/O Rules Matrix
 27. Fitter Device Options
 28. Operating Settings and Conditions
 29. Estimated Delay Added for Hold Timing Summary
 30. Estimated Delay Added for Hold Timing Details
 31. Fitter Messages
 32. Fitter Suppressed Messages



----------------
; Legal Notice ;
----------------
Copyright (C) 2020  Intel Corporation. All rights reserved.
Your use of Intel Corporation's design tools, logic functions 
and other software and tools, and any partner logic 
functions, and any output files from any of the foregoing 
(including device programming or simulation files), and any 
associated documentation or information are expressly subject 
to the terms and conditions of the Intel Program License 
Subscription Agreement, the Intel Quartus Prime License Agreement,
the Intel FPGA IP License Agreement, or other applicable license
agreement, including, without limitation, that your use is for
the sole purpose of programming logic devices manufactured by
Intel and sold by Intel or its authorized distributors.  Please
refer to the applicable agreement for further details, at
https://fpgasoftware.intel.com/eula.



+-------------------------------------------------------------------------------+
; Fitter Summary                                                                ;
+---------------------------------+---------------------------------------------+
; Fitter Status                   ; Successful - Sun Apr 13 22:24:53 2025       ;
; Quartus Prime Version           ; 20.1.1 Build 720 11/11/2020 SJ Lite Edition ;
; Revision Name                   ; ESM                                         ;
; Top-level Entity Name           ; ESM                                         ;
; Family                          ; Cyclone V                                   ;
; Device                          ; 5CGXFC7C7F23C8                              ;
; Timing Models                   ; Final                                       ;
; Logic utilization (in ALMs)     ; 1,193 / 56,480 ( 2 % )                      ;
; Total registers                 ; 1399                                        ;
; Total pins                      ; 68 / 268 ( 25 % )                           ;
; Total virtual pins              ; 0                                           ;
; Total block memory bits         ; 512 / 7,024,640 ( < 1 % )                   ;
; Total RAM Blocks                ; 1 / 686 ( < 1 % )                           ;
; Total DSP Blocks                ; 0 / 156 ( 0 % )                             ;
; Total HSSI RX PCSs              ; 0 / 6 ( 0 % )                               ;
; Total HSSI PMA RX Deserializers ; 0 / 6 ( 0 % )                               ;
; Total HSSI TX PCSs              ; 0 / 6 ( 0 % )                               ;
; Total HSSI PMA TX Serializers   ; 0 / 6 ( 0 % )                               ;
; Total PLLs                      ; 0 / 13 ( 0 % )                              ;
; Total DLLs                      ; 0 / 4 ( 0 % )                               ;
+---------------------------------+---------------------------------------------+


+----------------------------------------------------------------------------------------------------------------------------------------------------+
; Fitter Settings                                                                                                                                    ;
+--------------------------------------------------------------------+---------------------------------------+---------------------------------------+
; Option                                                             ; Setting                               ; Default Value                         ;
+--------------------------------------------------------------------+---------------------------------------+---------------------------------------+
; Device                                                             ; 5CGXFC7C7F23C8                        ;                                       ;
; Minimum Core Junction Temperature                                  ; 0                                     ;                                       ;
; Maximum Core Junction Temperature                                  ; 85                                    ;                                       ;
; Use smart compilation                                              ; Off                                   ; Off                                   ;
; Enable parallel Assembler and Timing Analyzer during compilation   ; On                                    ; On                                    ;
; Enable compact report table                                        ; Off                                   ; Off                                   ;
; Router Timing Optimization Level                                   ; Normal                                ; Normal                                ;
; Perform Clocking Topology Analysis During Routing                  ; Off                                   ; Off                                   ;
; Placement Effort Multiplier                                        ; 1.0                                   ; 1.0                                   ;
; Device initialization clock source                                 ; INIT_INTOSC                           ; INIT_INTOSC                           ;
; Optimize Hold Timing                                               ; All Paths                             ; All Paths                             ;
; Optimize Multi-Corner Timing                                       ; On                                    ; On                                    ;
; Auto RAM to MLAB Conversion                                        ; On                                    ; On                                    ;
; Equivalent RAM and MLAB Power Up                                   ; Auto                                  ; Auto                                  ;
; Equivalent RAM and MLAB Paused Read Capabilities                   ; Care                                  ; Care                                  ;
; Power Optimization During Fitting                                  ; Normal compilation                    ; Normal compilation                    ;
; SSN Optimization                                                   ; Off                                   ; Off                                   ;
; Optimize Timing                                                    ; Normal compilation                    ; Normal compilation                    ;
; Optimize Timing for ECOs                                           ; Off                                   ; Off                                   ;
; Regenerate Full Fit Report During ECO Compiles                     ; Off                                   ; Off                                   ;
; Optimize IOC Register Placement for Timing                         ; Normal                                ; Normal                                ;
; Final Placement Optimizations                                      ; Automatically                         ; Automatically                         ;
; Fitter Aggressive Routability Optimizations                        ; Automatically                         ; Automatically                         ;
; Fitter Initial Placement Seed                                      ; 1                                     ; 1                                     ;
; Periphery to Core Placement and Routing Optimization               ; Off                                   ; Off                                   ;
; Weak Pull-Up Resistor                                              ; Off                                   ; Off                                   ;
; Enable Bus-Hold Circuitry                                          ; Off                                   ; Off                                   ;
; Auto Packed Registers                                              ; Auto                                  ; Auto                                  ;
; Auto Delay Chains                                                  ; On                                    ; On                                    ;
; Auto Delay Chains for High Fanout Input Pins                       ; Off                                   ; Off                                   ;
; Treat Bidirectional Pin as Output Pin                              ; Off                                   ; Off                                   ;
; Perform Physical Synthesis for Combinational Logic for Fitting     ; Off                                   ; Off                                   ;
; Perform Physical Synthesis for Combinational Logic for Performance ; Off                                   ; Off                                   ;
; Perform Register Duplication for Performance                       ; Off                                   ; Off                                   ;
; Perform Register Retiming for Performance                          ; Off                                   ; Off                                   ;
; Perform Asynchronous Signal Pipelining                             ; Off                                   ; Off                                   ;
; Fitter Effort                                                      ; Auto Fit                              ; Auto Fit                              ;
; Physical Synthesis Effort Level                                    ; Normal                                ; Normal                                ;
; Logic Cell Insertion - Logic Duplication                           ; Auto                                  ; Auto                                  ;
; Auto Register Duplication                                          ; Auto                                  ; Auto                                  ;
; Auto Global Clock                                                  ; On                                    ; On                                    ;
; Auto Global Register Control Signals                               ; On                                    ; On                                    ;
; Reserve all unused pins                                            ; As input tri-stated with weak pull-up ; As input tri-stated with weak pull-up ;
; Synchronizer Identification                                        ; Auto                                  ; Auto                                  ;
; Enable Beneficial Skew Optimization                                ; On                                    ; On                                    ;
; Optimize Design for Metastability                                  ; On                                    ; On                                    ;
; Active Serial clock source                                         ; FREQ_100MHz                           ; FREQ_100MHz                           ;
; Force Fitter to Avoid Periphery Placement Warnings                 ; Off                                   ; Off                                   ;
; Clamping Diode                                                     ; Off                                   ; Off                                   ;
; Enable input tri-state on active configuration pins in user mode   ; Off                                   ; Off                                   ;
; Advanced Physical Optimization                                     ; On                                    ; On                                    ;
+--------------------------------------------------------------------+---------------------------------------+---------------------------------------+


+------------------------------------------+
; Parallel Compilation                     ;
+----------------------------+-------------+
; Processors                 ; Number      ;
+----------------------------+-------------+
; Number detected on machine ; 8           ;
; Maximum allowed            ; 4           ;
;                            ;             ;
; Average used               ; 1.11        ;
; Maximum used               ; 4           ;
;                            ;             ;
; Usage by Processor         ; % Time Used ;
;     Processor 1            ; 100.0%      ;
;     Processor 2            ;   4.0%      ;
;     Processor 3            ;   3.7%      ;
;     Processor 4            ;   3.7%      ;
+----------------------------+-------------+


+-----------------------------------------------------------------------------------------------------------------------------------------------------------------------------------------------------------------------------------------------------------------------------------------------------------------------+
; Fitter Netlist Optimizations                                                                                                                                                                                                                                                                                          ;
+-------------------------------------------------------------------+------------+---------------------------------------------------+----------------------------+-----------+----------------+-----------------------------------------------------------------------------+------------------+-----------------------+
; Node                                                              ; Action     ; Operation                                         ; Reason                     ; Node Port ; Node Port Name ; Destination Node                                                            ; Destination Port ; Destination Port Name ;
+-------------------------------------------------------------------+------------+---------------------------------------------------+----------------------------+-----------+----------------+-----------------------------------------------------------------------------+------------------+-----------------------+
; clk~inputCLKENA0                                                  ; Created    ; Placement                                         ; Fitter Periphery Placement ;           ;                ;                                                                             ;                  ;                       ;
; rst~inputCLKENA0                                                  ; Created    ; Placement                                         ; Fitter Periphery Placement ;           ;                ;                                                                             ;                  ;                       ;
; ESM_Core:Core|ESM_Core_IIM:IIM|PRNG:prng|q[1]                     ; Duplicated ; Router Logic Cell Insertion and Logic Duplication ; Routability optimization   ;           ;                ; ESM_Core:Core|ESM_Core_IIM:IIM|PRNG:prng|q[1]~DUPLICATE                     ;                  ;                       ;
; ESM_Core:Core|ESM_Core_IIM:IIM|PRNG:prng|q[2]                     ; Duplicated ; Router Logic Cell Insertion and Logic Duplication ; Routability optimization   ;           ;                ; ESM_Core:Core|ESM_Core_IIM:IIM|PRNG:prng|q[2]~DUPLICATE                     ;                  ;                       ;
; ESM_Core:Core|ESM_Core_IIM:IIM|PRNG:prng|q[20]                    ; Duplicated ; Router Logic Cell Insertion and Logic Duplication ; Routability optimization   ;           ;                ; ESM_Core:Core|ESM_Core_IIM:IIM|PRNG:prng|q[20]~DUPLICATE                    ;                  ;                       ;
; ESM_Core:Core|ESM_Core_IIM:IIM|PRNG:prng|q[27]                    ; Duplicated ; Router Logic Cell Insertion and Logic Duplication ; Routability optimization   ;           ;                ; ESM_Core:Core|ESM_Core_IIM:IIM|PRNG:prng|q[27]~DUPLICATE                    ;                  ;                       ;
; ESM_Core:Core|ESM_Core_IIM:IIM|Synchronizer:synchronizer_1|out[1] ; Duplicated ; Router Logic Cell Insertion and Logic Duplication ; Routability optimization   ;           ;                ; ESM_Core:Core|ESM_Core_IIM:IIM|Synchronizer:synchronizer_1|out[1]~DUPLICATE ;                  ;                       ;
; ESM_Core:Core|ESM_Core_IIM:IIM|Synchronizer:synchronizer_1|out[2] ; Duplicated ; Router Logic Cell Insertion and Logic Duplication ; Routability optimization   ;           ;                ; ESM_Core:Core|ESM_Core_IIM:IIM|Synchronizer:synchronizer_1|out[2]~DUPLICATE ;                  ;                       ;
; ESM_Core:Core|ESM_Core_IIM:IIM|Synchronizer:synchronizer_2|out[1] ; Duplicated ; Router Logic Cell Insertion and Logic Duplication ; Routability optimization   ;           ;                ; ESM_Core:Core|ESM_Core_IIM:IIM|Synchronizer:synchronizer_2|out[1]~DUPLICATE ;                  ;                       ;
+-------------------------------------------------------------------+------------+---------------------------------------------------+----------------------------+-----------+----------------+-----------------------------------------------------------------------------+------------------+-----------------------+


+---------------------------------------------------------------------------------------------------+
; Incremental Compilation Preservation Summary                                                      ;
+---------------------+---------------------+----------------------------+--------------------------+
; Type                ; Total [A + B]       ; From Design Partitions [A] ; From Rapid Recompile [B] ;
+---------------------+---------------------+----------------------------+--------------------------+
; Placement (by node) ;                     ;                            ;                          ;
;     -- Requested    ; 0.00 % ( 0 / 3233 ) ; 0.00 % ( 0 / 3233 )        ; 0.00 % ( 0 / 3233 )      ;
;     -- Achieved     ; 0.00 % ( 0 / 3233 ) ; 0.00 % ( 0 / 3233 )        ; 0.00 % ( 0 / 3233 )      ;
;                     ;                     ;                            ;                          ;
; Routing (by net)    ;                     ;                            ;                          ;
;     -- Requested    ; 0.00 % ( 0 / 0 )    ; 0.00 % ( 0 / 0 )           ; 0.00 % ( 0 / 0 )         ;
;     -- Achieved     ; 0.00 % ( 0 / 0 )    ; 0.00 % ( 0 / 0 )           ; 0.00 % ( 0 / 0 )         ;
+---------------------+---------------------+----------------------------+--------------------------+


+----------------------------------------------------------------------------------------------------------------------------------------------------------------------------------------+
; Incremental Compilation Partition Settings                                                                                                                                             ;
+--------------------------------+----------------+-------------------+-------------------------+------------------------+------------------------------+--------------------------------+
; Partition Name                 ; Partition Type ; Netlist Type Used ; Preservation Level Used ; Netlist Type Requested ; Preservation Level Requested ; Contents                       ;
+--------------------------------+----------------+-------------------+-------------------------+------------------------+------------------------------+--------------------------------+
; Top                            ; User-created   ; Source File       ; N/A                     ; Source File            ; N/A                          ;                                ;
; hard_block:auto_generated_inst ; Auto-generated ; Source File       ; N/A                     ; Source File            ; N/A                          ; hard_block:auto_generated_inst ;
+--------------------------------+----------------+-------------------+-------------------------+------------------------+------------------------------+--------------------------------+


+------------------------------------------------------------------------------------------------------------------------------------+
; Incremental Compilation Placement Preservation                                                                                     ;
+--------------------------------+-----------------------+-------------------------+-------------------+---------------------+-------+
; Partition Name                 ; Preservation Achieved ; Preservation Level Used ; Netlist Type Used ; Preservation Method ; Notes ;
+--------------------------------+-----------------------+-------------------------+-------------------+---------------------+-------+
; Top                            ; 0.00 % ( 0 / 3233 )   ; N/A                     ; Source File       ; N/A                 ;       ;
; hard_block:auto_generated_inst ; 0.00 % ( 0 / 0 )      ; N/A                     ; Source File       ; N/A                 ;       ;
+--------------------------------+-----------------------+-------------------------+-------------------+---------------------+-------+


+--------------+
; Pin-Out File ;
+--------------+
The pin-out file can be found in C:/Users/nawaz/OneDrive/Desktop/programing/verilog/ESM_MODULE/ESM_MODULE/output_files/ESM.pin.


+---------------------------------------------------------------------------------------------+
; Fitter Resource Usage Summary                                                               ;
+-------------------------------------------------------------+-----------------------+-------+
; Resource                                                    ; Usage                 ; %     ;
+-------------------------------------------------------------+-----------------------+-------+
; Logic utilization (ALMs needed / total ALMs on device)      ; 1,193 / 56,480        ; 2 %   ;
; ALMs needed [=A-B+C]                                        ; 1,193                 ;       ;
;     [A] ALMs used in final placement [=a+b+c+d]             ; 1,307 / 56,480        ; 2 %   ;
;         [a] ALMs used for LUT logic and registers           ; 334                   ;       ;
;         [b] ALMs used for LUT logic                         ; 613                   ;       ;
;         [c] ALMs used for registers                         ; 360                   ;       ;
;         [d] ALMs used for memory (up to half of total ALMs) ; 0                     ;       ;
;     [B] Estimate of ALMs recoverable by dense packing       ; 115 / 56,480          ; < 1 % ;
;     [C] Estimate of ALMs unavailable [=a+b+c+d]             ; 1 / 56,480            ; < 1 % ;
;         [a] Due to location constrained logic               ; 0                     ;       ;
;         [b] Due to LAB-wide signal conflicts                ; 0                     ;       ;
;         [c] Due to LAB input limits                         ; 1                     ;       ;
;         [d] Due to virtual I/Os                             ; 0                     ;       ;
;                                                             ;                       ;       ;
; Difficulty packing design                                   ; Low                   ;       ;
;                                                             ;                       ;       ;
; Total LABs:  partially or completely used                   ; 159 / 5,648           ; 3 %   ;
;     -- Logic LABs                                           ; 159                   ;       ;
;     -- Memory LABs (up to half of total LABs)               ; 0                     ;       ;
;                                                             ;                       ;       ;
; Combinational ALUT usage for logic                          ; 1,671                 ;       ;
;     -- 7 input functions                                    ; 0                     ;       ;
;     -- 6 input functions                                    ; 723                   ;       ;
;     -- 5 input functions                                    ; 368                   ;       ;
;     -- 4 input functions                                    ; 341                   ;       ;
;     -- <=3 input functions                                  ; 239                   ;       ;
; Combinational ALUT usage for route-throughs                 ; 67                    ;       ;
;                                                             ;                       ;       ;
; Dedicated logic registers                                   ; 1,399                 ;       ;
;     -- By type:                                             ;                       ;       ;
;         -- Primary logic registers                          ; 1,387 / 112,960       ; 1 %   ;
;         -- Secondary logic registers                        ; 12 / 112,960          ; < 1 % ;
;     -- By function:                                         ;                       ;       ;
;         -- Design implementation registers                  ; 1,392                 ;       ;
;         -- Routing optimization registers                   ; 7                     ;       ;
;                                                             ;                       ;       ;
; Virtual pins                                                ; 0                     ;       ;
; I/O pins                                                    ; 68 / 268              ; 25 %  ;
;     -- Clock pins                                           ; 5 / 11                ; 45 %  ;
;     -- Dedicated input pins                                 ; 0 / 23                ; 0 %   ;
;                                                             ;                       ;       ;
; M10K blocks                                                 ; 1 / 686               ; < 1 % ;
; Total MLAB memory bits                                      ; 0                     ;       ;
; Total block memory bits                                     ; 512 / 7,024,640       ; < 1 % ;
; Total block memory implementation bits                      ; 10,240 / 7,024,640    ; < 1 % ;
;                                                             ;                       ;       ;
; Total DSP Blocks                                            ; 0 / 156               ; 0 %   ;
;                                                             ;                       ;       ;
; Fractional PLLs                                             ; 0 / 7                 ; 0 %   ;
; Global signals                                              ; 2                     ;       ;
;     -- Global clocks                                        ; 2 / 16                ; 13 %  ;
;     -- Quadrant clocks                                      ; 0 / 88                ; 0 %   ;
;     -- Horizontal periphery clocks                          ; 0 / 18                ; 0 %   ;
; SERDES Transmitters                                         ; 0 / 120               ; 0 %   ;
; SERDES Receivers                                            ; 0 / 120               ; 0 %   ;
; JTAGs                                                       ; 0 / 1                 ; 0 %   ;
; ASMI blocks                                                 ; 0 / 1                 ; 0 %   ;
; CRC blocks                                                  ; 0 / 1                 ; 0 %   ;
; Remote update blocks                                        ; 0 / 1                 ; 0 %   ;
; Oscillator blocks                                           ; 0 / 1                 ; 0 %   ;
; Hard IPs                                                    ; 0 / 1                 ; 0 %   ;
; Standard RX PCSs                                            ; 0 / 6                 ; 0 %   ;
; HSSI PMA RX Deserializers                                   ; 0 / 6                 ; 0 %   ;
; Standard TX PCSs                                            ; 0 / 6                 ; 0 %   ;
; HSSI PMA TX Serializers                                     ; 0 / 6                 ; 0 %   ;
; Channel PLLs                                                ; 0 / 6                 ; 0 %   ;
; Impedance control blocks                                    ; 0 / 3                 ; 0 %   ;
; Hard Memory Controllers                                     ; 0 / 2                 ; 0 %   ;
; Average interconnect usage (total/H/V)                      ; 0.7% / 0.7% / 0.6%    ;       ;
; Peak interconnect usage (total/H/V)                         ; 10.1% / 10.3% / 10.2% ;       ;
; Maximum fan-out                                             ; 1400                  ;       ;
; Highest non-global fan-out                                  ; 177                   ;       ;
; Total fan-out                                               ; 13478                 ;       ;
; Average fan-out                                             ; 4.11                  ;       ;
+-------------------------------------------------------------+-----------------------+-------+


+----------------------------------------------------------------------------------------------------------------------+
; Fitter Partition Statistics                                                                                          ;
+-------------------------------------------------------------+-----------------------+--------------------------------+
; Statistic                                                   ; Top                   ; hard_block:auto_generated_inst ;
+-------------------------------------------------------------+-----------------------+--------------------------------+
; Logic utilization (ALMs needed / total ALMs on device)      ; 1193 / 56480 ( 2 % )  ; 0 / 56480 ( 0 % )              ;
; ALMs needed [=A-B+C]                                        ; 1193                  ; 0                              ;
;     [A] ALMs used in final placement [=a+b+c+d]             ; 1307 / 56480 ( 2 % )  ; 0 / 56480 ( 0 % )              ;
;         [a] ALMs used for LUT logic and registers           ; 334                   ; 0                              ;
;         [b] ALMs used for LUT logic                         ; 613                   ; 0                              ;
;         [c] ALMs used for registers                         ; 360                   ; 0                              ;
;         [d] ALMs used for memory (up to half of total ALMs) ; 0                     ; 0                              ;
;     [B] Estimate of ALMs recoverable by dense packing       ; 115 / 56480 ( < 1 % ) ; 0 / 56480 ( 0 % )              ;
;     [C] Estimate of ALMs unavailable [=a+b+c+d]             ; 1 / 56480 ( < 1 % )   ; 0 / 56480 ( 0 % )              ;
;         [a] Due to location constrained logic               ; 0                     ; 0                              ;
;         [b] Due to LAB-wide signal conflicts                ; 0                     ; 0                              ;
;         [c] Due to LAB input limits                         ; 1                     ; 0                              ;
;         [d] Due to virtual I/Os                             ; 0                     ; 0                              ;
;                                                             ;                       ;                                ;
; Difficulty packing design                                   ; Low                   ; Low                            ;
;                                                             ;                       ;                                ;
; Total LABs:  partially or completely used                   ; 159 / 5648 ( 3 % )    ; 0 / 5648 ( 0 % )               ;
;     -- Logic LABs                                           ; 159                   ; 0                              ;
;     -- Memory LABs (up to half of total LABs)               ; 0                     ; 0                              ;
;                                                             ;                       ;                                ;
; Combinational ALUT usage for logic                          ; 1671                  ; 0                              ;
;     -- 7 input functions                                    ; 0                     ; 0                              ;
;     -- 6 input functions                                    ; 723                   ; 0                              ;
;     -- 5 input functions                                    ; 368                   ; 0                              ;
;     -- 4 input functions                                    ; 341                   ; 0                              ;
;     -- <=3 input functions                                  ; 239                   ; 0                              ;
; Combinational ALUT usage for route-throughs                 ; 67                    ; 0                              ;
; Memory ALUT usage                                           ; 0                     ; 0                              ;
;     -- 64-address deep                                      ; 0                     ; 0                              ;
;     -- 32-address deep                                      ; 0                     ; 0                              ;
;                                                             ;                       ;                                ;
; Dedicated logic registers                                   ; 0                     ; 0                              ;
;     -- By type:                                             ;                       ;                                ;
;         -- Primary logic registers                          ; 1387 / 112960 ( 1 % ) ; 0 / 112960 ( 0 % )             ;
;         -- Secondary logic registers                        ; 12 / 112960 ( < 1 % ) ; 0 / 112960 ( 0 % )             ;
;     -- By function:                                         ;                       ;                                ;
;         -- Design implementation registers                  ; 1392                  ; 0                              ;
;         -- Routing optimization registers                   ; 7                     ; 0                              ;
;                                                             ;                       ;                                ;
;                                                             ;                       ;                                ;
; Virtual pins                                                ; 0                     ; 0                              ;
; I/O pins                                                    ; 68                    ; 0                              ;
; I/O registers                                               ; 0                     ; 0                              ;
; Total block memory bits                                     ; 512                   ; 0                              ;
; Total block memory implementation bits                      ; 10240                 ; 0                              ;
; M10K block                                                  ; 1 / 686 ( < 1 % )     ; 0 / 686 ( 0 % )                ;
; Clock enable block                                          ; 2 / 122 ( 1 % )       ; 0 / 122 ( 0 % )                ;
;                                                             ;                       ;                                ;
; Connections                                                 ;                       ;                                ;
;     -- Input Connections                                    ; 0                     ; 0                              ;
;     -- Registered Input Connections                         ; 0                     ; 0                              ;
;     -- Output Connections                                   ; 0                     ; 0                              ;
;     -- Registered Output Connections                        ; 0                     ; 0                              ;
;                                                             ;                       ;                                ;
; Internal Connections                                        ;                       ;                                ;
;     -- Total Connections                                    ; 13485                 ; 0                              ;
;     -- Registered Connections                               ; 3240                  ; 0                              ;
;                                                             ;                       ;                                ;
; External Connections                                        ;                       ;                                ;
;     -- Top                                                  ; 0                     ; 0                              ;
;     -- hard_block:auto_generated_inst                       ; 0                     ; 0                              ;
;                                                             ;                       ;                                ;
; Partition Interface                                         ;                       ;                                ;
;     -- Input Ports                                          ; 36                    ; 0                              ;
;     -- Output Ports                                         ; 32                    ; 0                              ;
;     -- Bidir Ports                                          ; 0                     ; 0                              ;
;                                                             ;                       ;                                ;
; Registered Ports                                            ;                       ;                                ;
;     -- Registered Input Ports                               ; 0                     ; 0                              ;
;     -- Registered Output Ports                              ; 0                     ; 0                              ;
;                                                             ;                       ;                                ;
; Port Connectivity                                           ;                       ;                                ;
;     -- Input Ports driven by GND                            ; 0                     ; 0                              ;
;     -- Output Ports driven by GND                           ; 0                     ; 0                              ;
;     -- Input Ports driven by VCC                            ; 0                     ; 0                              ;
;     -- Output Ports driven by VCC                           ; 0                     ; 0                              ;
;     -- Input Ports with no Source                           ; 0                     ; 0                              ;
;     -- Output Ports with no Source                          ; 0                     ; 0                              ;
;     -- Input Ports with no Fanout                           ; 0                     ; 0                              ;
;     -- Output Ports with no Fanout                          ; 0                     ; 0                              ;
+-------------------------------------------------------------+-----------------------+--------------------------------+


+---------------------------------------------------------------------------------------------------------------------------------------------------------------------------------------------------------------------------------------------------------------------------------------------+
; Input Pins                                                                                                                                                                                                                                                                                  ;
+--------------+-------+----------+--------------+--------------+--------------+-----------------------+--------------------+--------+----------------+-----------------+----------+--------------+--------------+-------------+---------------------------+----------------------+-----------+
; Name         ; Pin # ; I/O Bank ; X coordinate ; Y coordinate ; Z coordinate ; Combinational Fan-Out ; Registered Fan-Out ; Global ; Input Register ; PCI I/O Enabled ; Bus Hold ; Weak Pull Up ; I/O Standard ; Termination ; Termination Control Block ; Location assigned by ; Slew Rate ;
+--------------+-------+----------+--------------+--------------+--------------+-----------------------+--------------------+--------+----------------+-----------------+----------+--------------+--------------+-------------+---------------------------+----------------------+-----------+
; ALUSrc       ; V10   ; 3B       ; 26           ; 0            ; 40           ; 10                    ; 0                  ; no     ; no             ; no              ; no       ; Off          ; 2.5 V        ; Off         ; --                        ; Fitter               ; no        ;
; Instr_in[0]  ; AA20  ; 4A       ; 62           ; 0            ; 34           ; 2                     ; 0                  ; no     ; no             ; no              ; no       ; Off          ; 2.5 V        ; Off         ; --                        ; Fitter               ; no        ;
; Instr_in[10] ; AA14  ; 4A       ; 52           ; 0            ; 51           ; 13                    ; 0                  ; no     ; no             ; no              ; no       ; Off          ; 2.5 V        ; Off         ; --                        ; Fitter               ; no        ;
; Instr_in[11] ; AB20  ; 4A       ; 58           ; 0            ; 91           ; 3                     ; 0                  ; no     ; no             ; no              ; no       ; Off          ; 2.5 V        ; Off         ; --                        ; Fitter               ; no        ;
; Instr_in[12] ; AA7   ; 3B       ; 28           ; 0            ; 51           ; 2                     ; 0                  ; no     ; no             ; no              ; no       ; Off          ; 2.5 V        ; Off         ; --                        ; Fitter               ; no        ;
; Instr_in[13] ; Y11   ; 3B       ; 40           ; 0            ; 51           ; 2                     ; 0                  ; no     ; no             ; no              ; no       ; Off          ; 2.5 V        ; Off         ; --                        ; Fitter               ; no        ;
; Instr_in[14] ; T18   ; 5A       ; 89           ; 4            ; 43           ; 2                     ; 0                  ; no     ; no             ; no              ; no       ; Off          ; 2.5 V        ; Off         ; --                        ; Fitter               ; no        ;
; Instr_in[15] ; R12   ; 3B       ; 36           ; 0            ; 51           ; 93                    ; 0                  ; no     ; no             ; no              ; no       ; Off          ; 2.5 V        ; Off         ; --                        ; Fitter               ; no        ;
; Instr_in[16] ; R9    ; 3B       ; 34           ; 0            ; 40           ; 93                    ; 0                  ; no     ; no             ; no              ; no       ; Off          ; 2.5 V        ; Off         ; --                        ; Fitter               ; no        ;
; Instr_in[17] ; T10   ; 3B       ; 34           ; 0            ; 57           ; 94                    ; 0                  ; no     ; no             ; no              ; no       ; Off          ; 2.5 V        ; Off         ; --                        ; Fitter               ; no        ;
; Instr_in[18] ; Y9    ; 3B       ; 34           ; 0            ; 74           ; 94                    ; 0                  ; no     ; no             ; no              ; no       ; Off          ; 2.5 V        ; Off         ; --                        ; Fitter               ; no        ;
; Instr_in[19] ; T13   ; 4A       ; 52           ; 0            ; 0            ; 26                    ; 0                  ; no     ; no             ; no              ; no       ; Off          ; 2.5 V        ; Off         ; --                        ; Fitter               ; no        ;
; Instr_in[1]  ; AA17  ; 4A       ; 60           ; 0            ; 51           ; 2                     ; 0                  ; no     ; no             ; no              ; no       ; Off          ; 2.5 V        ; Off         ; --                        ; Fitter               ; no        ;
; Instr_in[20] ; AA8   ; 3B       ; 30           ; 0            ; 51           ; 7                     ; 0                  ; no     ; no             ; no              ; no       ; Off          ; 2.5 V        ; Off         ; --                        ; Fitter               ; no        ;
; Instr_in[21] ; AB5   ; 3B       ; 26           ; 0            ; 74           ; 12                    ; 0                  ; no     ; no             ; no              ; no       ; Off          ; 2.5 V        ; Off         ; --                        ; Fitter               ; no        ;
; Instr_in[22] ; V9    ; 3B       ; 26           ; 0            ; 57           ; 15                    ; 0                  ; no     ; no             ; no              ; no       ; Off          ; 2.5 V        ; Off         ; --                        ; Fitter               ; no        ;
; Instr_in[23] ; U10   ; 3B       ; 30           ; 0            ; 0            ; 12                    ; 0                  ; no     ; no             ; no              ; no       ; Off          ; 2.5 V        ; Off         ; --                        ; Fitter               ; no        ;
; Instr_in[24] ; T9    ; 3B       ; 30           ; 0            ; 17           ; 5                     ; 0                  ; no     ; no             ; no              ; no       ; Off          ; 2.5 V        ; Off         ; --                        ; Fitter               ; no        ;
; Instr_in[25] ; AB6   ; 3B       ; 26           ; 0            ; 91           ; 2                     ; 0                  ; no     ; no             ; no              ; no       ; Off          ; 2.5 V        ; Off         ; --                        ; Fitter               ; no        ;
; Instr_in[26] ; U6    ; 3A       ; 6            ; 0            ; 51           ; 2                     ; 0                  ; no     ; no             ; no              ; no       ; Off          ; 2.5 V        ; Off         ; --                        ; Fitter               ; no        ;
; Instr_in[27] ; N8    ; 3B       ; 28           ; 0            ; 0            ; 2                     ; 0                  ; no     ; no             ; no              ; no       ; Off          ; 2.5 V        ; Off         ; --                        ; Fitter               ; no        ;
; Instr_in[28] ; P8    ; 3B       ; 28           ; 0            ; 17           ; 2                     ; 0                  ; no     ; no             ; no              ; no       ; Off          ; 2.5 V        ; Off         ; --                        ; Fitter               ; no        ;
; Instr_in[29] ; AA9   ; 3B       ; 32           ; 0            ; 34           ; 2                     ; 0                  ; no     ; no             ; no              ; no       ; Off          ; 2.5 V        ; Off         ; --                        ; Fitter               ; no        ;
; Instr_in[2]  ; P19   ; 5A       ; 89           ; 9            ; 37           ; 2                     ; 0                  ; no     ; no             ; no              ; no       ; Off          ; 2.5 V        ; Off         ; --                        ; Fitter               ; no        ;
; Instr_in[30] ; AB7   ; 3B       ; 28           ; 0            ; 34           ; 2                     ; 0                  ; no     ; no             ; no              ; no       ; Off          ; 2.5 V        ; Off         ; --                        ; Fitter               ; no        ;
; Instr_in[31] ; P12   ; 3B       ; 36           ; 0            ; 34           ; 2                     ; 0                  ; no     ; no             ; no              ; no       ; Off          ; 2.5 V        ; Off         ; --                        ; Fitter               ; no        ;
; Instr_in[3]  ; W19   ; 4A       ; 62           ; 0            ; 0            ; 2                     ; 0                  ; no     ; no             ; no              ; no       ; Off          ; 2.5 V        ; Off         ; --                        ; Fitter               ; no        ;
; Instr_in[4]  ; W16   ; 4A       ; 64           ; 0            ; 0            ; 2                     ; 0                  ; no     ; no             ; no              ; no       ; Off          ; 2.5 V        ; Off         ; --                        ; Fitter               ; no        ;
; Instr_in[5]  ; Y14   ; 4A       ; 54           ; 0            ; 17           ; 2                     ; 0                  ; no     ; no             ; no              ; no       ; Off          ; 2.5 V        ; Off         ; --                        ; Fitter               ; no        ;
; Instr_in[6]  ; AA13  ; 4A       ; 52           ; 0            ; 34           ; 2                     ; 0                  ; no     ; no             ; no              ; no       ; Off          ; 2.5 V        ; Off         ; --                        ; Fitter               ; no        ;
; Instr_in[7]  ; P9    ; 3B       ; 40           ; 0            ; 17           ; 13                    ; 0                  ; no     ; no             ; no              ; no       ; Off          ; 2.5 V        ; Off         ; --                        ; Fitter               ; no        ;
; Instr_in[8]  ; AA12  ; 3B       ; 40           ; 0            ; 34           ; 17                    ; 0                  ; no     ; no             ; no              ; no       ; Off          ; 2.5 V        ; Off         ; --                        ; Fitter               ; no        ;
; Instr_in[9]  ; V13   ; 4A       ; 50           ; 0            ; 57           ; 5                     ; 0                  ; no     ; no             ; no              ; no       ; Off          ; 2.5 V        ; Off         ; --                        ; Fitter               ; no        ;
; RegWrite     ; AB21  ; 4A       ; 58           ; 0            ; 74           ; 7                     ; 0                  ; no     ; no             ; no              ; no       ; Off          ; 2.5 V        ; Off         ; --                        ; Fitter               ; no        ;
; clk          ; M16   ; 5B       ; 89           ; 35           ; 60           ; 1400                  ; 0                  ; yes    ; no             ; no              ; no       ; Off          ; 2.5 V        ; Off         ; --                        ; Fitter               ; no        ;
; rst          ; N16   ; 5B       ; 89           ; 35           ; 43           ; 1411                  ; 0                  ; yes    ; no             ; no              ; no       ; Off          ; 2.5 V        ; Off         ; --                        ; Fitter               ; no        ;
+--------------+-------+----------+--------------+--------------+--------------+-----------------------+--------------------+--------+----------------+-----------------+----------+--------------+--------------+-------------+---------------------------+----------------------+-----------+


+----------------------------------------------------------------------------------------------------------------------------------------------------------------------------------------------------------------------------------------------------------------------------------------------------------------------------------------------------------------------------------------------------------------------------------------------------------------------------------------------------+
; Output Pins                                                                                                                                                                                                                                                                                                                                                                                                                                                                                        ;
+---------------+-------+----------+--------------+--------------+--------------+-----------------+------------------------+-----------+-----------------+------------+---------------+----------+--------------+--------------+------------------+-----------------------------------+---------------------------+----------------------------+-----------------------------+---------------------+-----------------------------+----------------------+----------------------+---------------------+
; Name          ; Pin # ; I/O Bank ; X coordinate ; Y coordinate ; Z coordinate ; Output Register ; Output Enable Register ; Slew Rate ; PCI I/O Enabled ; Open Drain ; TRI Primitive ; Bus Hold ; Weak Pull Up ; I/O Standard ; Current Strength ; Termination                       ; Termination Control Block ; Output Buffer Pre-emphasis ; Voltage Output Differential ; Output Buffer Delay ; Output Buffer Delay Control ; Location assigned by ; Output Enable Source ; Output Enable Group ;
+---------------+-------+----------+--------------+--------------+--------------+-----------------+------------------------+-----------+-----------------+------------+---------------+----------+--------------+--------------+------------------+-----------------------------------+---------------------------+----------------------------+-----------------------------+---------------------+-----------------------------+----------------------+----------------------+---------------------+
; Instr_out[0]  ; AB17  ; 4A       ; 56           ; 0            ; 51           ; no              ; no                     ; 1         ; no              ; no         ; no            ; no       ; Off          ; 2.5 V        ; Default          ; Series 50 Ohm without Calibration ; --                        ; no                         ; no                          ; 0                   ; Off                         ; Fitter               ; -                    ; -                   ;
; Instr_out[10] ; U13   ; 4A       ; 50           ; 0            ; 40           ; no              ; no                     ; 1         ; no              ; no         ; no            ; no       ; Off          ; 2.5 V        ; Default          ; Series 50 Ohm without Calibration ; --                        ; no                         ; no                          ; 0                   ; Off                         ; Fitter               ; -                    ; -                   ;
; Instr_out[11] ; R10   ; 3B       ; 38           ; 0            ; 17           ; no              ; no                     ; 1         ; no              ; no         ; no            ; no       ; Off          ; 2.5 V        ; Default          ; Series 50 Ohm without Calibration ; --                        ; no                         ; no                          ; 0                   ; Off                         ; Fitter               ; -                    ; -                   ;
; Instr_out[12] ; AB13  ; 4A       ; 50           ; 0            ; 91           ; no              ; no                     ; 1         ; no              ; no         ; no            ; no       ; Off          ; 2.5 V        ; Default          ; Series 50 Ohm without Calibration ; --                        ; no                         ; no                          ; 0                   ; Off                         ; Fitter               ; -                    ; -                   ;
; Instr_out[13] ; AB10  ; 3B       ; 38           ; 0            ; 51           ; no              ; no                     ; 1         ; no              ; no         ; no            ; no       ; Off          ; 2.5 V        ; Default          ; Series 50 Ohm without Calibration ; --                        ; no                         ; no                          ; 0                   ; Off                         ; Fitter               ; -                    ; -                   ;
; Instr_out[14] ; U15   ; 4A       ; 60           ; 0            ; 0            ; no              ; no                     ; 1         ; no              ; no         ; no            ; no       ; Off          ; 2.5 V        ; Default          ; Series 50 Ohm without Calibration ; --                        ; no                         ; no                          ; 0                   ; Off                         ; Fitter               ; -                    ; -                   ;
; Instr_out[15] ; T14   ; 4A       ; 60           ; 0            ; 17           ; no              ; no                     ; 1         ; no              ; no         ; no            ; no       ; Off          ; 2.5 V        ; Default          ; Series 50 Ohm without Calibration ; --                        ; no                         ; no                          ; 0                   ; Off                         ; Fitter               ; -                    ; -                   ;
; Instr_out[16] ; M8    ; 3B       ; 32           ; 0            ; 17           ; no              ; no                     ; 1         ; no              ; no         ; no            ; no       ; Off          ; 2.5 V        ; Default          ; Series 50 Ohm without Calibration ; --                        ; no                         ; no                          ; 0                   ; Off                         ; Fitter               ; -                    ; -                   ;
; Instr_out[17] ; AB8   ; 3B       ; 30           ; 0            ; 34           ; no              ; no                     ; 1         ; no              ; no         ; no            ; no       ; Off          ; 2.5 V        ; Default          ; Series 50 Ohm without Calibration ; --                        ; no                         ; no                          ; 0                   ; Off                         ; Fitter               ; -                    ; -                   ;
; Instr_out[18] ; AB18  ; 4A       ; 56           ; 0            ; 34           ; no              ; no                     ; 1         ; no              ; no         ; no            ; no       ; Off          ; 2.5 V        ; Default          ; Series 50 Ohm without Calibration ; --                        ; no                         ; no                          ; 0                   ; Off                         ; Fitter               ; -                    ; -                   ;
; Instr_out[19] ; V18   ; 4A       ; 70           ; 0            ; 0            ; no              ; no                     ; 1         ; no              ; no         ; no            ; no       ; Off          ; 2.5 V        ; Default          ; Series 50 Ohm without Calibration ; --                        ; no                         ; no                          ; 0                   ; Off                         ; Fitter               ; -                    ; -                   ;
; Instr_out[1]  ; U11   ; 3B       ; 36           ; 0            ; 17           ; no              ; no                     ; 1         ; no              ; no         ; no            ; no       ; Off          ; 2.5 V        ; Default          ; Series 50 Ohm without Calibration ; --                        ; no                         ; no                          ; 0                   ; Off                         ; Fitter               ; -                    ; -                   ;
; Instr_out[20] ; Y16   ; 4A       ; 58           ; 0            ; 57           ; no              ; no                     ; 1         ; no              ; no         ; no            ; no       ; Off          ; 2.5 V        ; Default          ; Series 50 Ohm without Calibration ; --                        ; no                         ; no                          ; 0                   ; Off                         ; Fitter               ; -                    ; -                   ;
; Instr_out[21] ; AB12  ; 4A       ; 50           ; 0            ; 74           ; no              ; no                     ; 1         ; no              ; no         ; no            ; no       ; Off          ; 2.5 V        ; Default          ; Series 50 Ohm without Calibration ; --                        ; no                         ; no                          ; 0                   ; Off                         ; Fitter               ; -                    ; -                   ;
; Instr_out[22] ; U12   ; 3B       ; 36           ; 0            ; 0            ; no              ; no                     ; 1         ; no              ; no         ; no            ; no       ; Off          ; 2.5 V        ; Default          ; Series 50 Ohm without Calibration ; --                        ; no                         ; no                          ; 0                   ; Off                         ; Fitter               ; -                    ; -                   ;
; Instr_out[23] ; Y15   ; 4A       ; 54           ; 0            ; 0            ; no              ; no                     ; 1         ; no              ; no         ; no            ; no       ; Off          ; 2.5 V        ; Default          ; Series 50 Ohm without Calibration ; --                        ; no                         ; no                          ; 0                   ; Off                         ; Fitter               ; -                    ; -                   ;
; Instr_out[24] ; Y10   ; 3B       ; 34           ; 0            ; 91           ; no              ; no                     ; 1         ; no              ; no         ; no            ; no       ; Off          ; 2.5 V        ; Default          ; Series 50 Ohm without Calibration ; --                        ; no                         ; no                          ; 0                   ; Off                         ; Fitter               ; -                    ; -                   ;
; Instr_out[25] ; V15   ; 4A       ; 56           ; 0            ; 0            ; no              ; no                     ; 1         ; no              ; no         ; no            ; no       ; Off          ; 2.5 V        ; Default          ; Series 50 Ohm without Calibration ; --                        ; no                         ; no                          ; 0                   ; Off                         ; Fitter               ; -                    ; -                   ;
; Instr_out[26] ; M9    ; 3B       ; 32           ; 0            ; 0            ; no              ; no                     ; 1         ; no              ; no         ; no            ; no       ; Off          ; 2.5 V        ; Default          ; Series 50 Ohm without Calibration ; --                        ; no                         ; no                          ; 0                   ; Off                         ; Fitter               ; -                    ; -                   ;
; Instr_out[27] ; R11   ; 3B       ; 38           ; 0            ; 0            ; no              ; no                     ; 1         ; no              ; no         ; no            ; no       ; Off          ; 2.5 V        ; Default          ; Series 50 Ohm without Calibration ; --                        ; no                         ; no                          ; 0                   ; Off                         ; Fitter               ; -                    ; -                   ;
; Instr_out[28] ; AA18  ; 4A       ; 60           ; 0            ; 34           ; no              ; no                     ; 1         ; no              ; no         ; no            ; no       ; Off          ; 2.5 V        ; Default          ; Series 50 Ohm without Calibration ; --                        ; no                         ; no                          ; 0                   ; Off                         ; Fitter               ; -                    ; -                   ;
; Instr_out[29] ; AA10  ; 3B       ; 32           ; 0            ; 51           ; no              ; no                     ; 1         ; no              ; no         ; no            ; no       ; Off          ; 2.5 V        ; Default          ; Series 50 Ohm without Calibration ; --                        ; no                         ; no                          ; 0                   ; Off                         ; Fitter               ; -                    ; -                   ;
; Instr_out[2]  ; AA15  ; 4A       ; 54           ; 0            ; 34           ; no              ; no                     ; 1         ; no              ; no         ; no            ; no       ; Off          ; 2.5 V        ; Default          ; Series 50 Ohm without Calibration ; --                        ; no                         ; no                          ; 0                   ; Off                         ; Fitter               ; -                    ; -                   ;
; Instr_out[30] ; AA19  ; 4A       ; 62           ; 0            ; 51           ; no              ; no                     ; 1         ; no              ; no         ; no            ; no       ; Off          ; 2.5 V        ; Default          ; Series 50 Ohm without Calibration ; --                        ; no                         ; no                          ; 0                   ; Off                         ; Fitter               ; -                    ; -                   ;
; Instr_out[31] ; AB22  ; 4A       ; 64           ; 0            ; 51           ; no              ; no                     ; 1         ; no              ; no         ; no            ; no       ; Off          ; 2.5 V        ; Default          ; Series 50 Ohm without Calibration ; --                        ; no                         ; no                          ; 0                   ; Off                         ; Fitter               ; -                    ; -                   ;
; Instr_out[3]  ; N9    ; 3B       ; 40           ; 0            ; 0            ; no              ; no                     ; 1         ; no              ; no         ; no            ; no       ; Off          ; 2.5 V        ; Default          ; Series 50 Ohm without Calibration ; --                        ; no                         ; no                          ; 0                   ; Off                         ; Fitter               ; -                    ; -                   ;
; Instr_out[4]  ; T12   ; 4A       ; 52           ; 0            ; 17           ; no              ; no                     ; 1         ; no              ; no         ; no            ; no       ; Off          ; 2.5 V        ; Default          ; Series 50 Ohm without Calibration ; --                        ; no                         ; no                          ; 0                   ; Off                         ; Fitter               ; -                    ; -                   ;
; Instr_out[5]  ; P7    ; 3A       ; 8            ; 0            ; 34           ; no              ; no                     ; 1         ; no              ; no         ; no            ; no       ; Off          ; 2.5 V        ; Default          ; Series 50 Ohm without Calibration ; --                        ; no                         ; no                          ; 0                   ; Off                         ; Fitter               ; -                    ; -                   ;
; Instr_out[6]  ; Y17   ; 4A       ; 58           ; 0            ; 40           ; no              ; no                     ; 1         ; no              ; no         ; no            ; no       ; Off          ; 2.5 V        ; Default          ; Series 50 Ohm without Calibration ; --                        ; no                         ; no                          ; 0                   ; Off                         ; Fitter               ; -                    ; -                   ;
; Instr_out[7]  ; AB11  ; 3B       ; 38           ; 0            ; 34           ; no              ; no                     ; 1         ; no              ; no         ; no            ; no       ; Off          ; 2.5 V        ; Default          ; Series 50 Ohm without Calibration ; --                        ; no                         ; no                          ; 0                   ; Off                         ; Fitter               ; -                    ; -                   ;
; Instr_out[8]  ; V14   ; 4A       ; 56           ; 0            ; 17           ; no              ; no                     ; 1         ; no              ; no         ; no            ; no       ; Off          ; 2.5 V        ; Default          ; Series 50 Ohm without Calibration ; --                        ; no                         ; no                          ; 0                   ; Off                         ; Fitter               ; -                    ; -                   ;
; Instr_out[9]  ; AB15  ; 4A       ; 54           ; 0            ; 51           ; no              ; no                     ; 1         ; no              ; no         ; no            ; no       ; Off          ; 2.5 V        ; Default          ; Series 50 Ohm without Calibration ; --                        ; no                         ; no                          ; 0                   ; Off                         ; Fitter               ; -                    ; -                   ;
+---------------+-------+----------+--------------+--------------+--------------+-----------------+------------------------+-----------+-----------------+------------+---------------+----------+--------------+--------------+------------------+-----------------------------------+---------------------------+----------------------------+-----------------------------+---------------------+-----------------------------+----------------------+----------------------+---------------------+


+-----------------------------------------------------------------------------+
; I/O Bank Usage                                                              ;
+----------+-------------------+---------------+--------------+---------------+
; I/O Bank ; Usage             ; VCCIO Voltage ; VREF Voltage ; VCCPD Voltage ;
+----------+-------------------+---------------+--------------+---------------+
; B2L      ; 0 / 0 ( -- )      ; --            ; --           ; --            ;
; B1L      ; 0 / 14 ( 0 % )    ; --            ; --           ; --            ;
; B0L      ; 0 / 14 ( 0 % )    ; --            ; --           ; --            ;
; 3A       ; 2 / 16 ( 13 % )   ; 2.5V          ; --           ; 2.5V          ;
; 3B       ; 32 / 32 ( 100 % ) ; 2.5V          ; --           ; 2.5V          ;
; 4A       ; 30 / 48 ( 63 % )  ; 2.5V          ; --           ; 2.5V          ;
; 5A       ; 2 / 16 ( 13 % )   ; 2.5V          ; --           ; 2.5V          ;
; 5B       ; 2 / 16 ( 13 % )   ; 2.5V          ; --           ; 2.5V          ;
; 7A       ; 0 / 80 ( 0 % )    ; 2.5V          ; --           ; 2.5V          ;
; 8A       ; 0 / 32 ( 0 % )    ; 2.5V          ; --           ; 2.5V          ;
+----------+-------------------+---------------+--------------+---------------+


+-----------------------------------------------------------------------------------------------------------------------------------------------------------------------------+
; All Package Pins                                                                                                                                                            ;
+----------+------------+----------+---------------------------------+--------+--------------+---------------------+--------------+-----------------+----------+--------------+
; Location ; Pad Number ; I/O Bank ; Pin Name/Usage                  ; Dir.   ; I/O Standard ; Voltage             ; I/O Type     ; User Assignment ; Bus Hold ; Weak Pull Up ;
+----------+------------+----------+---------------------------------+--------+--------------+---------------------+--------------+-----------------+----------+--------------+
; A1       ;            ;          ; RREF                            ;        ;              ;                     ; --           ;                 ; --       ; --           ;
; A2       ; 538        ; 9A       ; ^MSEL2                          ;        ;              ;                     ; --           ;                 ; --       ; --           ;
; A3       ;            ; --       ; VCCBAT                          ; power  ;              ; 1.2V                ; --           ;                 ; --       ; --           ;
; A4       ; 540        ; 9A       ; ^nCONFIG                        ;        ;              ;                     ; --           ;                 ; --       ; --           ;
; A5       ; 466        ; 8A       ; RESERVED_INPUT_WITH_WEAK_PULLUP ;        ;              ;                     ; Column I/O   ;                 ; no       ; On           ;
; A6       ;            ; 8A       ; VCCIO8A                         ; power  ;              ; 2.5V                ; --           ;                 ; --       ; --           ;
; A7       ; 475        ; 8A       ; RESERVED_INPUT_WITH_WEAK_PULLUP ;        ;              ;                     ; Column I/O   ;                 ; no       ; On           ;
; A8       ; 473        ; 8A       ; RESERVED_INPUT_WITH_WEAK_PULLUP ;        ;              ;                     ; Column I/O   ;                 ; no       ; On           ;
; A9       ; 464        ; 8A       ; RESERVED_INPUT_WITH_WEAK_PULLUP ;        ;              ;                     ; Column I/O   ;                 ; no       ; On           ;
; A10      ; 462        ; 8A       ; RESERVED_INPUT_WITH_WEAK_PULLUP ;        ;              ;                     ; Column I/O   ;                 ; no       ; On           ;
; A11      ;            ;          ; GND                             ; gnd    ;              ;                     ; --           ;                 ; --       ; --           ;
; A12      ; 444        ; 7A       ; RESERVED_INPUT_WITH_WEAK_PULLUP ;        ;              ;                     ; Column I/O   ;                 ; no       ; On           ;
; A13      ; 432        ; 7A       ; RESERVED_INPUT_WITH_WEAK_PULLUP ;        ;              ;                     ; Column I/O   ;                 ; no       ; On           ;
; A14      ; 420        ; 7A       ; RESERVED_INPUT_WITH_WEAK_PULLUP ;        ;              ;                     ; Column I/O   ;                 ; no       ; On           ;
; A15      ; 418        ; 7A       ; RESERVED_INPUT_WITH_WEAK_PULLUP ;        ;              ;                     ; Column I/O   ;                 ; no       ; On           ;
; A16      ;            ; 7A       ; VCCIO7A                         ; power  ;              ; 2.5V                ; --           ;                 ; --       ; --           ;
; A17      ; 403        ; 7A       ; RESERVED_INPUT_WITH_WEAK_PULLUP ;        ;              ;                     ; Column I/O   ;                 ; no       ; On           ;
; A18      ; 401        ; 7A       ; RESERVED_INPUT_WITH_WEAK_PULLUP ;        ;              ;                     ; Column I/O   ;                 ; no       ; On           ;
; A19      ; 404        ; 7A       ; RESERVED_INPUT_WITH_WEAK_PULLUP ;        ;              ;                     ; Column I/O   ;                 ; no       ; On           ;
; A20      ; 402        ; 7A       ; RESERVED_INPUT_WITH_WEAK_PULLUP ;        ;              ;                     ; Column I/O   ;                 ; no       ; On           ;
; A21      ;            ;          ; GND                             ; gnd    ;              ;                     ; --           ;                 ; --       ; --           ;
; A22      ; 396        ; 7A       ; RESERVED_INPUT_WITH_WEAK_PULLUP ;        ;              ;                     ; Column I/O   ;                 ; no       ; On           ;
; AA1      ; 39         ; B0L      ; GND                             ;        ;              ;                     ; --           ;                 ; --       ; --           ;
; AA2      ; 38         ; B0L      ; GND                             ;        ;              ;                     ; --           ;                 ; --       ; --           ;
; AA3      ;            ;          ; GND                             ; gnd    ;              ;                     ; --           ;                 ; --       ; --           ;
; AA4      ;            ;          ; GND                             ; gnd    ;              ;                     ; --           ;                 ; --       ; --           ;
; AA5      ; 47         ; 3A       ; ^AS_DATA2, DATA2                ;        ;              ;                     ; Weak Pull Up ;                 ; --       ; On           ;
; AA6      ;            ;          ; GND                             ; gnd    ;              ;                     ; --           ;                 ; --       ; --           ;
; AA7      ; 105        ; 3B       ; Instr_in[12]                    ; input  ; 2.5 V        ;                     ; Column I/O   ; N               ; no       ; Off          ;
; AA8      ; 108        ; 3B       ; Instr_in[20]                    ; input  ; 2.5 V        ;                     ; Column I/O   ; N               ; no       ; Off          ;
; AA9      ; 115        ; 3B       ; Instr_in[29]                    ; input  ; 2.5 V        ;                     ; Column I/O   ; N               ; no       ; Off          ;
; AA10     ; 113        ; 3B       ; Instr_out[29]                   ; output ; 2.5 V        ;                     ; Column I/O   ; N               ; no       ; Off          ;
; AA11     ;            ;          ; GND                             ; gnd    ;              ;                     ; --           ;                 ; --       ; --           ;
; AA12     ; 131        ; 3B       ; Instr_in[8]                     ; input  ; 2.5 V        ;                     ; Column I/O   ; N               ; no       ; Off          ;
; AA13     ; 139        ; 4A       ; Instr_in[6]                     ; input  ; 2.5 V        ;                     ; Column I/O   ; N               ; no       ; Off          ;
; AA14     ; 137        ; 4A       ; Instr_in[10]                    ; input  ; 2.5 V        ;                     ; Column I/O   ; N               ; no       ; Off          ;
; AA15     ; 142        ; 4A       ; Instr_out[2]                    ; output ; 2.5 V        ;                     ; Column I/O   ; N               ; no       ; Off          ;
; AA16     ;            ; 4A       ; VCCIO4A                         ; power  ;              ; 2.5V                ; --           ;                 ; --       ; --           ;
; AA17     ; 153        ; 4A       ; Instr_in[1]                     ; input  ; 2.5 V        ;                     ; Column I/O   ; N               ; no       ; Off          ;
; AA18     ; 155        ; 4A       ; Instr_out[28]                   ; output ; 2.5 V        ;                     ; Column I/O   ; N               ; no       ; Off          ;
; AA19     ; 156        ; 4A       ; Instr_out[30]                   ; output ; 2.5 V        ;                     ; Column I/O   ; N               ; no       ; Off          ;
; AA20     ; 158        ; 4A       ; Instr_in[0]                     ; input  ; 2.5 V        ;                     ; Column I/O   ; N               ; no       ; Off          ;
; AA21     ;            ; 4A       ; VCCIO4A                         ; power  ;              ; 2.5V                ; --           ;                 ; --       ; --           ;
; AA22     ; 163        ; 4A       ; RESERVED_INPUT_WITH_WEAK_PULLUP ;        ;              ;                     ; Column I/O   ;                 ; no       ; On           ;
; AB1      ;            ;          ; GND                             ; gnd    ;              ;                     ; --           ;                 ; --       ; --           ;
; AB2      ;            ;          ; GND                             ; gnd    ;              ;                     ; --           ;                 ; --       ; --           ;
; AB3      ; 49         ; 3A       ; ^AS_DATA1, DATA1                ;        ;              ;                     ; Weak Pull Up ;                 ; --       ; On           ;
; AB4      ; 51         ; 3A       ; ^AS_DATA0, ASDO, DATA0          ;        ;              ;                     ; Weak Pull Up ;                 ; --       ; On           ;
; AB5      ; 102        ; 3B       ; Instr_in[21]                    ; input  ; 2.5 V        ;                     ; Column I/O   ; N               ; no       ; Off          ;
; AB6      ; 100        ; 3B       ; Instr_in[25]                    ; input  ; 2.5 V        ;                     ; Column I/O   ; N               ; no       ; Off          ;
; AB7      ; 107        ; 3B       ; Instr_in[30]                    ; input  ; 2.5 V        ;                     ; Column I/O   ; N               ; no       ; Off          ;
; AB8      ; 110        ; 3B       ; Instr_out[17]                   ; output ; 2.5 V        ;                     ; Column I/O   ; N               ; no       ; Off          ;
; AB9      ;            ;          ; GND                             ; gnd    ;              ;                     ; --           ;                 ; --       ; --           ;
; AB10     ; 124        ; 3B       ; Instr_out[13]                   ; output ; 2.5 V        ;                     ; Column I/O   ; N               ; no       ; Off          ;
; AB11     ; 126        ; 3B       ; Instr_out[7]                    ; output ; 2.5 V        ;                     ; Column I/O   ; N               ; no       ; Off          ;
; AB12     ; 134        ; 4A       ; Instr_out[21]                   ; output ; 2.5 V        ;                     ; Column I/O   ; N               ; no       ; Off          ;
; AB13     ; 132        ; 4A       ; Instr_out[12]                   ; output ; 2.5 V        ;                     ; Column I/O   ; N               ; no       ; Off          ;
; AB14     ;            ;          ; GND                             ; gnd    ;              ;                     ; --           ;                 ; --       ; --           ;
; AB15     ; 140        ; 4A       ; Instr_out[9]                    ; output ; 2.5 V        ;                     ; Column I/O   ; N               ; no       ; Off          ;
; AB16     ;            ; 4A       ; VREFB4AN0                       ; power  ;              ;                     ; --           ;                 ; --       ; --           ;
; AB17     ; 145        ; 4A       ; Instr_out[0]                    ; output ; 2.5 V        ;                     ; Column I/O   ; N               ; no       ; Off          ;
; AB18     ; 147        ; 4A       ; Instr_out[18]                   ; output ; 2.5 V        ;                     ; Column I/O   ; N               ; no       ; Off          ;
; AB19     ;            ;          ; GND                             ; gnd    ;              ;                     ; --           ;                 ; --       ; --           ;
; AB20     ; 148        ; 4A       ; Instr_in[11]                    ; input  ; 2.5 V        ;                     ; Column I/O   ; N               ; no       ; Off          ;
; AB21     ; 150        ; 4A       ; RegWrite                        ; input  ; 2.5 V        ;                     ; Column I/O   ; N               ; no       ; Off          ;
; AB22     ; 161        ; 4A       ; Instr_out[31]                   ; output ; 2.5 V        ;                     ; Column I/O   ; N               ; no       ; Off          ;
; B1       ;            ;          ; GND                             ; gnd    ;              ;                     ; --           ;                 ; --       ; --           ;
; B2       ;            ;          ; GND                             ; gnd    ;              ;                     ; --           ;                 ; --       ; --           ;
; B3       ;            ;          ; DNU                             ;        ;              ;                     ; --           ;                 ; --       ; --           ;
; B4       ;            ;          ; DNU                             ;        ;              ;                     ; --           ;                 ; --       ; --           ;
; B5       ; 468        ; 8A       ; RESERVED_INPUT_WITH_WEAK_PULLUP ;        ;              ;                     ; Column I/O   ;                 ; no       ; On           ;
; B6       ; 470        ; 8A       ; RESERVED_INPUT_WITH_WEAK_PULLUP ;        ;              ;                     ; Column I/O   ;                 ; no       ; On           ;
; B7       ; 472        ; 8A       ; RESERVED_INPUT_WITH_WEAK_PULLUP ;        ;              ;                     ; Column I/O   ;                 ; no       ; On           ;
; B8       ;            ; 8A       ; VREFB8AN0                       ; power  ;              ;                     ; --           ;                 ; --       ; --           ;
; B9       ;            ;          ; GND                             ; gnd    ;              ;                     ; --           ;                 ; --       ; --           ;
; B10      ; 465        ; 8A       ; RESERVED_INPUT_WITH_WEAK_PULLUP ;        ;              ;                     ; Column I/O   ;                 ; no       ; On           ;
; B11      ; 452        ; 7A       ; RESERVED_INPUT_WITH_WEAK_PULLUP ;        ;              ;                     ; Column I/O   ;                 ; no       ; On           ;
; B12      ; 442        ; 7A       ; RESERVED_INPUT_WITH_WEAK_PULLUP ;        ;              ;                     ; Column I/O   ;                 ; no       ; On           ;
; B13      ; 430        ; 7A       ; RESERVED_INPUT_WITH_WEAK_PULLUP ;        ;              ;                     ; Column I/O   ;                 ; no       ; On           ;
; B14      ;            ;          ; GND                             ; gnd    ;              ;                     ; --           ;                 ; --       ; --           ;
; B15      ; 427        ; 7A       ; RESERVED_INPUT_WITH_WEAK_PULLUP ;        ;              ;                     ; Column I/O   ;                 ; no       ; On           ;
; B16      ; 406        ; 7A       ; RESERVED_INPUT_WITH_WEAK_PULLUP ;        ;              ;                     ; Column I/O   ;                 ; no       ; On           ;
; B17      ; 384        ; 7A       ; RESERVED_INPUT_WITH_WEAK_PULLUP ;        ;              ;                     ; Column I/O   ;                 ; no       ; On           ;
; B18      ; 382        ; 7A       ; RESERVED_INPUT_WITH_WEAK_PULLUP ;        ;              ;                     ; Column I/O   ;                 ; no       ; On           ;
; B19      ;            ; 7A       ; VCCIO7A                         ; power  ;              ; 2.5V                ; --           ;                 ; --       ; --           ;
; B20      ; 380        ; 7A       ; RESERVED_INPUT_WITH_WEAK_PULLUP ;        ;              ;                     ; Column I/O   ;                 ; no       ; On           ;
; B21      ; 387        ; 7A       ; RESERVED_INPUT_WITH_WEAK_PULLUP ;        ;              ;                     ; Column I/O   ;                 ; no       ; On           ;
; B22      ; 394        ; 7A       ; RESERVED_INPUT_WITH_WEAK_PULLUP ;        ;              ;                     ; Column I/O   ;                 ; no       ; On           ;
; C1       ; 19         ; B1L      ; GND                             ;        ;              ;                     ; --           ;                 ; --       ; --           ;
; C2       ; 18         ; B1L      ; GND                             ;        ;              ;                     ; --           ;                 ; --       ; --           ;
; C3       ;            ;          ; GND                             ; gnd    ;              ;                     ; --           ;                 ; --       ; --           ;
; C4       ;            ;          ; GND                             ; gnd    ;              ;                     ; --           ;                 ; --       ; --           ;
; C5       ; 542        ; 9A       ; ^GND                            ;        ;              ;                     ; --           ;                 ; --       ; --           ;
; C6       ; 474        ; 8A       ; RESERVED_INPUT_WITH_WEAK_PULLUP ;        ;              ;                     ; Column I/O   ;                 ; no       ; On           ;
; C7       ;            ; 8A       ; VCCIO8A                         ; power  ;              ; 2.5V                ; --           ;                 ; --       ; --           ;
; C8       ; 480        ; 8A       ; RESERVED_INPUT_WITH_WEAK_PULLUP ;        ;              ;                     ; Column I/O   ;                 ; no       ; On           ;
; C9       ; 467        ; 8A       ; RESERVED_INPUT_WITH_WEAK_PULLUP ;        ;              ;                     ; Column I/O   ;                 ; no       ; On           ;
; C10      ;            ; 7A, 8A   ; VCCPD7A8A                       ; power  ;              ; 2.5V                ; --           ;                 ; --       ; --           ;
; C11      ; 450        ; 7A       ; RESERVED_INPUT_WITH_WEAK_PULLUP ;        ;              ;                     ; Column I/O   ;                 ; no       ; On           ;
; C12      ;            ; 7A       ; VCCIO7A                         ; power  ;              ; 2.5V                ; --           ;                 ; --       ; --           ;
; C13      ; 443        ; 7A       ; RESERVED_INPUT_WITH_WEAK_PULLUP ;        ;              ;                     ; Column I/O   ;                 ; no       ; On           ;
; C14      ;            ; 7A       ; VREFB7AN0                       ; power  ;              ;                     ; --           ;                 ; --       ; --           ;
; C15      ; 425        ; 7A       ; RESERVED_INPUT_WITH_WEAK_PULLUP ;        ;              ;                     ; Column I/O   ;                 ; no       ; On           ;
; C16      ; 408        ; 7A       ; RESERVED_INPUT_WITH_WEAK_PULLUP ;        ;              ;                     ; Column I/O   ;                 ; no       ; On           ;
; C17      ;            ;          ; GND                             ; gnd    ;              ;                     ; --           ;                 ; --       ; --           ;
; C18      ; 395        ; 7A       ; RESERVED_INPUT_WITH_WEAK_PULLUP ;        ;              ;                     ; Column I/O   ;                 ; no       ; On           ;
; C19      ; 393        ; 7A       ; RESERVED_INPUT_WITH_WEAK_PULLUP ;        ;              ;                     ; Column I/O   ;                 ; no       ; On           ;
; C20      ; 378        ; 7A       ; RESERVED_INPUT_WITH_WEAK_PULLUP ;        ;              ;                     ; Column I/O   ;                 ; no       ; On           ;
; C21      ; 385        ; 7A       ; RESERVED_INPUT_WITH_WEAK_PULLUP ;        ;              ;                     ; Column I/O   ;                 ; no       ; On           ;
; C22      ;            ; 7A       ; VCCIO7A                         ; power  ;              ; 2.5V                ; --           ;                 ; --       ; --           ;
; D1       ;            ;          ; GND                             ; gnd    ;              ;                     ; --           ;                 ; --       ; --           ;
; D2       ;            ;          ; GND                             ; gnd    ;              ;                     ; --           ;                 ; --       ; --           ;
; D3       ; 16         ; B1L      ; GXB_NC                          ;        ;              ;                     ; --           ;                 ; --       ; --           ;
; D4       ; 17         ; B1L      ; GXB_NC                          ;        ;              ;                     ; --           ;                 ; --       ; --           ;
; D5       ;            ;          ; GND                             ; gnd    ;              ;                     ; --           ;                 ; --       ; --           ;
; D6       ; 476        ; 8A       ; RESERVED_INPUT_WITH_WEAK_PULLUP ;        ;              ;                     ; Column I/O   ;                 ; no       ; On           ;
; D7       ; 478        ; 8A       ; RESERVED_INPUT_WITH_WEAK_PULLUP ;        ;              ;                     ; Column I/O   ;                 ; no       ; On           ;
; D8       ;            ; 7A, 8A   ; VCCPD7A8A                       ; power  ;              ; 2.5V                ; --           ;                 ; --       ; --           ;
; D9       ; 479        ; 8A       ; RESERVED_INPUT_WITH_WEAK_PULLUP ;        ;              ;                     ; Column I/O   ;                 ; no       ; On           ;
; D10      ;            ;          ; GND                             ; gnd    ;              ;                     ; --           ;                 ; --       ; --           ;
; D11      ;            ; --       ; VCC_AUX                         ; power  ;              ; 2.5V                ; --           ;                 ; --       ; --           ;
; D12      ; 449        ; 7A       ; RESERVED_INPUT_WITH_WEAK_PULLUP ;        ;              ;                     ; Column I/O   ;                 ; no       ; On           ;
; D13      ; 441        ; 7A       ; RESERVED_INPUT_WITH_WEAK_PULLUP ;        ;              ;                     ; Column I/O   ;                 ; no       ; On           ;
; D14      ;            ; 7A, 8A   ; VCCPD7A8A                       ; power  ;              ; 2.5V                ; --           ;                 ; --       ; --           ;
; D15      ;            ; 7A       ; VCCIO7A                         ; power  ;              ; 2.5V                ; --           ;                 ; --       ; --           ;
; D16      ;            ; 7A, 8A   ; VCCPD7A8A                       ; power  ;              ; 2.5V                ; --           ;                 ; --       ; --           ;
; D17      ; 409        ; 7A       ; RESERVED_INPUT_WITH_WEAK_PULLUP ;        ;              ;                     ; Column I/O   ;                 ; no       ; On           ;
; D18      ;            ; --       ; VCC_AUX                         ; power  ;              ; 2.5V                ; --           ;                 ; --       ; --           ;
; D19      ; 379        ; 7A       ; RESERVED_INPUT_WITH_WEAK_PULLUP ;        ;              ;                     ; Column I/O   ;                 ; no       ; On           ;
; D20      ;            ;          ; GND                             ; gnd    ;              ;                     ; --           ;                 ; --       ; --           ;
; D21      ; 376        ; 7A       ; RESERVED_INPUT_WITH_WEAK_PULLUP ;        ;              ;                     ; Column I/O   ;                 ; no       ; On           ;
; D22      ; 392        ; 7A       ; RESERVED_INPUT_WITH_WEAK_PULLUP ;        ;              ;                     ; Column I/O   ;                 ; no       ; On           ;
; E1       ; 20         ; B1L      ; GXB_NC                          ;        ;              ;                     ; --           ;                 ; --       ; --           ;
; E2       ; 21         ; B1L      ; GXB_NC                          ;        ;              ;                     ; --           ;                 ; --       ; --           ;
; E3       ;            ;          ; GND                             ; gnd    ;              ;                     ; --           ;                 ; --       ; --           ;
; E4       ;            ;          ; GND                             ; gnd    ;              ;                     ; --           ;                 ; --       ; --           ;
; E5       ; 539        ; 9A       ; ^MSEL3                          ;        ;              ;                     ; --           ;                 ; --       ; --           ;
; E6       ;            ; --       ; VCC_AUX                         ; power  ;              ; 2.5V                ; --           ;                 ; --       ; --           ;
; E7       ; 484        ; 8A       ; RESERVED_INPUT_WITH_WEAK_PULLUP ;        ;              ;                     ; Column I/O   ;                 ; no       ; On           ;
; E8       ;            ; 8A       ; VCCIO8A                         ; power  ;              ; 2.5V                ; --           ;                 ; --       ; --           ;
; E9       ; 477        ; 8A       ; RESERVED_INPUT_WITH_WEAK_PULLUP ;        ;              ;                     ; Column I/O   ;                 ; no       ; On           ;
; E10      ; 469        ; 8A       ; RESERVED_INPUT_WITH_WEAK_PULLUP ;        ;              ;                     ; Column I/O   ;                 ; no       ; On           ;
; E11      ;            ; 7A, 8A   ; VCCPD7A8A                       ; power  ;              ; 2.5V                ; --           ;                 ; --       ; --           ;
; E12      ; 451        ; 7A       ; RESERVED_INPUT_WITH_WEAK_PULLUP ;        ;              ;                     ; Column I/O   ;                 ; no       ; On           ;
; E13      ;            ;          ; GND                             ; gnd    ;              ;                     ; --           ;                 ; --       ; --           ;
; E14      ; 433        ; 7A       ; RESERVED_INPUT_WITH_WEAK_PULLUP ;        ;              ;                     ; Column I/O   ;                 ; no       ; On           ;
; E15      ; 417        ; 7A       ; RESERVED_INPUT_WITH_WEAK_PULLUP ;        ;              ;                     ; Column I/O   ;                 ; no       ; On           ;
; E16      ; 411        ; 7A       ; RESERVED_INPUT_WITH_WEAK_PULLUP ;        ;              ;                     ; Column I/O   ;                 ; no       ; On           ;
; E17      ;            ;          ; DNU                             ;        ;              ;                     ; --           ;                 ; --       ; --           ;
; E18      ;            ; 7A       ; VCCIO7A                         ; power  ;              ; 2.5V                ; --           ;                 ; --       ; --           ;
; E19      ; 377        ; 7A       ; RESERVED_INPUT_WITH_WEAK_PULLUP ;        ;              ;                     ; Column I/O   ;                 ; no       ; On           ;
; E20      ; 398        ; 7A       ; RESERVED_INPUT_WITH_WEAK_PULLUP ;        ;              ;                     ; Column I/O   ;                 ; no       ; On           ;
; E21      ; 374        ; 7A       ; RESERVED_INPUT_WITH_WEAK_PULLUP ;        ;              ;                     ; Column I/O   ;                 ; no       ; On           ;
; E22      ; 390        ; 7A       ; RESERVED_INPUT_WITH_WEAK_PULLUP ;        ;              ;                     ; Column I/O   ;                 ; no       ; On           ;
; F1       ;            ;          ; GND                             ; gnd    ;              ;                     ; --           ;                 ; --       ; --           ;
; F2       ;            ;          ; GND                             ; gnd    ;              ;                     ; --           ;                 ; --       ; --           ;
; F3       ; 541        ; 9A       ; ^MSEL4                          ;        ;              ;                     ; --           ;                 ; --       ; --           ;
; F4       ;            ; --       ; VCCA_FPLL                       ; power  ;              ; 2.5V                ; --           ;                 ; --       ; --           ;
; F5       ; 14         ; B1L      ; GND                             ;        ;              ;                     ; Row I/O      ;                 ; --       ; --           ;
; F6       ;            ;          ; GND                             ; gnd    ;              ;                     ; --           ;                 ; --       ; --           ;
; F7       ; 482        ; 8A       ; RESERVED_INPUT_WITH_WEAK_PULLUP ;        ;              ;                     ; Column I/O   ;                 ; no       ; On           ;
; F8       ;            ; --       ; VCCPGM                          ; power  ;              ; 1.8V/2.5V/3.0V/3.3V ; --           ;                 ; --       ; --           ;
; F9       ; 471        ; 8A       ; RESERVED_INPUT_WITH_WEAK_PULLUP ;        ;              ;                     ; Column I/O   ;                 ; no       ; On           ;
; F10      ; 455        ; 8A       ; RESERVED_INPUT_WITH_WEAK_PULLUP ;        ;              ;                     ; Column I/O   ;                 ; no       ; On           ;
; F11      ;            ; 7A       ; VCCIO7A                         ; power  ;              ; 2.5V                ; --           ;                 ; --       ; --           ;
; F12      ; 440        ; 7A       ; RESERVED_INPUT_WITH_WEAK_PULLUP ;        ;              ;                     ; Column I/O   ;                 ; no       ; On           ;
; F13      ; 435        ; 7A       ; RESERVED_INPUT_WITH_WEAK_PULLUP ;        ;              ;                     ; Column I/O   ;                 ; no       ; On           ;
; F14      ; 428        ; 7A       ; RESERVED_INPUT_WITH_WEAK_PULLUP ;        ;              ;                     ; Column I/O   ;                 ; no       ; On           ;
; F15      ; 419        ; 7A       ; RESERVED_INPUT_WITH_WEAK_PULLUP ;        ;              ;                     ; Column I/O   ;                 ; no       ; On           ;
; F16      ;            ;          ; GND                             ; gnd    ;              ;                     ; --           ;                 ; --       ; --           ;
; F17      ; 372        ; 7A       ; ^GND                            ;        ;              ;                     ; --           ;                 ; --       ; --           ;
; F18      ; 399        ; 7A       ; RESERVED_INPUT_WITH_WEAK_PULLUP ;        ;              ;                     ; Column I/O   ;                 ; no       ; On           ;
; F19      ; 397        ; 7A       ; RESERVED_INPUT_WITH_WEAK_PULLUP ;        ;              ;                     ; Column I/O   ;                 ; no       ; On           ;
; F20      ; 400        ; 7A       ; RESERVED_INPUT_WITH_WEAK_PULLUP ;        ;              ;                     ; Column I/O   ;                 ; no       ; On           ;
; F21      ;            ; 7A       ; VCCIO7A                         ; power  ;              ; 2.5V                ; --           ;                 ; --       ; --           ;
; F22      ; 388        ; 7A       ; RESERVED_INPUT_WITH_WEAK_PULLUP ;        ;              ;                     ; Column I/O   ;                 ; no       ; On           ;
; G1       ; 23         ; B1L      ; GND                             ;        ;              ;                     ; --           ;                 ; --       ; --           ;
; G2       ; 22         ; B1L      ; GND                             ;        ;              ;                     ; --           ;                 ; --       ; --           ;
; G3       ;            ;          ; GND                             ; gnd    ;              ;                     ; --           ;                 ; --       ; --           ;
; G4       ; 15         ; B1L      ; GND                             ;        ;              ;                     ; Row I/O      ;                 ; --       ; --           ;
; G5       ; 537        ; 9A       ; ^nCE                            ;        ;              ;                     ; --           ;                 ; --       ; --           ;
; G6       ; 481        ; 8A       ; RESERVED_INPUT_WITH_WEAK_PULLUP ;        ;              ;                     ; Column I/O   ;                 ; no       ; On           ;
; G7       ;            ; 8A       ; VCCIO8A                         ; power  ;              ; 2.5V                ; --           ;                 ; --       ; --           ;
; G8       ; 460        ; 8A       ; RESERVED_INPUT_WITH_WEAK_PULLUP ;        ;              ;                     ; Column I/O   ;                 ; no       ; On           ;
; G9       ;            ;          ; GND                             ; gnd    ;              ;                     ; --           ;                 ; --       ; --           ;
; G10      ; 453        ; 8A       ; RESERVED_INPUT_WITH_WEAK_PULLUP ;        ;              ;                     ; Column I/O   ;                 ; no       ; On           ;
; G11      ; 438        ; 7A       ; RESERVED_INPUT_WITH_WEAK_PULLUP ;        ;              ;                     ; Column I/O   ;                 ; no       ; On           ;
; G12      ; 447        ; 7A       ; RESERVED_INPUT_WITH_WEAK_PULLUP ;        ;              ;                     ; Column I/O   ;                 ; no       ; On           ;
; G13      ; 439        ; 7A       ; RESERVED_INPUT_WITH_WEAK_PULLUP ;        ;              ;                     ; Column I/O   ;                 ; no       ; On           ;
; G14      ;            ; 7A       ; VCCIO7A                         ; power  ;              ; 2.5V                ; --           ;                 ; --       ; --           ;
; G15      ; 426        ; 7A       ; RESERVED_INPUT_WITH_WEAK_PULLUP ;        ;              ;                     ; Column I/O   ;                 ; no       ; On           ;
; G16      ; 412        ; 7A       ; RESERVED_INPUT_WITH_WEAK_PULLUP ;        ;              ;                     ; Column I/O   ;                 ; no       ; On           ;
; G17      ; 410        ; 7A       ; RESERVED_INPUT_WITH_WEAK_PULLUP ;        ;              ;                     ; Column I/O   ;                 ; no       ; On           ;
; G18      ; 413        ; 7A       ; RESERVED_INPUT_WITH_WEAK_PULLUP ;        ;              ;                     ; Column I/O   ;                 ; no       ; On           ;
; G19      ;            ;          ; GND                             ; gnd    ;              ;                     ; --           ;                 ; --       ; --           ;
; G20      ; 389        ; 7A       ; RESERVED_INPUT_WITH_WEAK_PULLUP ;        ;              ;                     ; Column I/O   ;                 ; no       ; On           ;
; G21      ; 375        ; 7A       ; RESERVED_INPUT_WITH_WEAK_PULLUP ;        ;              ;                     ; Column I/O   ;                 ; no       ; On           ;
; G22      ; 386        ; 7A       ; RESERVED_INPUT_WITH_WEAK_PULLUP ;        ;              ;                     ; Column I/O   ;                 ; no       ; On           ;
; H1       ;            ;          ; GND                             ; gnd    ;              ;                     ; --           ;                 ; --       ; --           ;
; H2       ;            ;          ; GND                             ; gnd    ;              ;                     ; --           ;                 ; --       ; --           ;
; H3       ;            ;          ; GND                             ; gnd    ;              ;                     ; --           ;                 ; --       ; --           ;
; H4       ;            ;          ; GND                             ; gnd    ;              ;                     ; --           ;                 ; --       ; --           ;
; H5       ; 536        ; 9A       ; ^nSTATUS                        ;        ;              ;                     ; --           ;                 ; --       ; --           ;
; H6       ; 483        ; 8A       ; RESERVED_INPUT_WITH_WEAK_PULLUP ;        ;              ;                     ; Column I/O   ;                 ; no       ; On           ;
; H7       ;            ;          ; GND                             ; gnd    ;              ;                     ; --           ;                 ; --       ; --           ;
; H8       ; 458        ; 8A       ; RESERVED_INPUT_WITH_WEAK_PULLUP ;        ;              ;                     ; Column I/O   ;                 ; no       ; On           ;
; H9       ; 463        ; 8A       ; RESERVED_INPUT_WITH_WEAK_PULLUP ;        ;              ;                     ; Column I/O   ;                 ; no       ; On           ;
; H10      ; 436        ; 7A       ; RESERVED_INPUT_WITH_WEAK_PULLUP ;        ;              ;                     ; Column I/O   ;                 ; no       ; On           ;
; H11      ; 445        ; 7A       ; RESERVED_INPUT_WITH_WEAK_PULLUP ;        ;              ;                     ; Column I/O   ;                 ; no       ; On           ;
; H12      ;            ;          ; GND                             ; gnd    ;              ;                     ; --           ;                 ; --       ; --           ;
; H13      ; 437        ; 7A       ; RESERVED_INPUT_WITH_WEAK_PULLUP ;        ;              ;                     ; Column I/O   ;                 ; no       ; On           ;
; H14      ; 429        ; 7A       ; RESERVED_INPUT_WITH_WEAK_PULLUP ;        ;              ;                     ; Column I/O   ;                 ; no       ; On           ;
; H15      ; 423        ; 7A       ; RESERVED_INPUT_WITH_WEAK_PULLUP ;        ;              ;                     ; Column I/O   ;                 ; no       ; On           ;
; H16      ; 421        ; 7A       ; RESERVED_INPUT_WITH_WEAK_PULLUP ;        ;              ;                     ; Column I/O   ;                 ; no       ; On           ;
; H17      ;            ; 7A       ; VCCIO7A                         ; power  ;              ; 2.5V                ; --           ;                 ; --       ; --           ;
; H18      ; 415        ; 7A       ; RESERVED_INPUT_WITH_WEAK_PULLUP ;        ;              ;                     ; Column I/O   ;                 ; no       ; On           ;
; H19      ;            ; --       ; VCCA_FPLL                       ; power  ;              ; 2.5V                ; --           ;                 ; --       ; --           ;
; H20      ; 391        ; 7A       ; RESERVED_INPUT_WITH_WEAK_PULLUP ;        ;              ;                     ; Column I/O   ;                 ; no       ; On           ;
; H21      ; 373        ; 7A       ; RESERVED_INPUT_WITH_WEAK_PULLUP ;        ;              ;                     ; Column I/O   ;                 ; no       ; On           ;
; H22      ;            ;          ; GND                             ; gnd    ;              ;                     ; --           ;                 ; --       ; --           ;
; J1       ; 24         ; B1L      ; GXB_NC                          ;        ;              ;                     ; --           ;                 ; --       ; --           ;
; J2       ; 25         ; B1L      ; GXB_NC                          ;        ;              ;                     ; --           ;                 ; --       ; --           ;
; J3       ;            ;          ; GND                             ; gnd    ;              ;                     ; --           ;                 ; --       ; --           ;
; J4       ;            ; --       ; VCCE_GXBL                       ; power  ;              ; 1.1V                ; --           ;                 ; --       ; --           ;
; J5       ;            ;          ; GND                             ; gnd    ;              ;                     ; --           ;                 ; --       ; --           ;
; J6       ; 535        ; 9A       ; ^MSEL1                          ;        ;              ;                     ; --           ;                 ; --       ; --           ;
; J7       ; 457        ; 8A       ; RESERVED_INPUT_WITH_WEAK_PULLUP ;        ;              ;                     ; Column I/O   ;                 ; no       ; On           ;
; J8       ; 459        ; 8A       ; RESERVED_INPUT_WITH_WEAK_PULLUP ;        ;              ;                     ; Column I/O   ;                 ; no       ; On           ;
; J9       ; 461        ; 8A       ; RESERVED_INPUT_WITH_WEAK_PULLUP ;        ;              ;                     ; Column I/O   ;                 ; no       ; On           ;
; J10      ;            ; --       ; VCC                             ; power  ;              ; 1.1V                ; --           ;                 ; --       ; --           ;
; J11      ; 434        ; 7A       ; RESERVED_INPUT_WITH_WEAK_PULLUP ;        ;              ;                     ; Column I/O   ;                 ; no       ; On           ;
; J12      ;            ; --       ; VCC                             ; power  ;              ; 1.1V                ; --           ;                 ; --       ; --           ;
; J13      ; 431        ; 7A       ; RESERVED_INPUT_WITH_WEAK_PULLUP ;        ;              ;                     ; Column I/O   ;                 ; no       ; On           ;
; J14      ;            ; --       ; VCC                             ; power  ;              ; 1.1V                ; --           ;                 ; --       ; --           ;
; J15      ;            ;          ; GND                             ; gnd    ;              ;                     ; --           ;                 ; --       ; --           ;
; J16      ;            ; --       ; VCC                             ; power  ;              ; 1.1V                ; --           ;                 ; --       ; --           ;
; J17      ; 422        ; 7A       ; RESERVED_INPUT_WITH_WEAK_PULLUP ;        ;              ;                     ; Column I/O   ;                 ; no       ; On           ;
; J18      ; 416        ; 7A       ; RESERVED_INPUT_WITH_WEAK_PULLUP ;        ;              ;                     ; Column I/O   ;                 ; no       ; On           ;
; J19      ; 414        ; 7A       ; RESERVED_INPUT_WITH_WEAK_PULLUP ;        ;              ;                     ; Column I/O   ;                 ; no       ; On           ;
; J20      ;            ;          ; GND                             ; gnd    ;              ;                     ; --           ;                 ; --       ; --           ;
; J21      ; 381        ; 7A       ; RESERVED_INPUT_WITH_WEAK_PULLUP ;        ;              ;                     ; Column I/O   ;                 ; no       ; On           ;
; J22      ; 383        ; 7A       ; RESERVED_INPUT_WITH_WEAK_PULLUP ;        ;              ;                     ; Column I/O   ;                 ; no       ; On           ;
; K1       ;            ;          ; GND                             ; gnd    ;              ;                     ; --           ;                 ; --       ; --           ;
; K2       ;            ;          ; GND                             ; gnd    ;              ;                     ; --           ;                 ; --       ; --           ;
; K3       ;            ; --       ; VCCL_GXBL                       ; power  ;              ; 1.1V                ; --           ;                 ; --       ; --           ;
; K4       ;            ;          ; GND                             ; gnd    ;              ;                     ; --           ;                 ; --       ; --           ;
; K5       ;            ; --       ; VCCE_GXBL                       ; power  ;              ; 1.1V                ; --           ;                 ; --       ; --           ;
; K6       ; 534        ; 9A       ; ^CONF_DONE                      ;        ;              ;                     ; --           ;                 ; --       ; --           ;
; K7       ; 456        ; 8A       ; RESERVED_INPUT_WITH_WEAK_PULLUP ;        ;              ;                     ; Column I/O   ;                 ; no       ; On           ;
; K8       ;            ;          ; GND                             ; gnd    ;              ;                     ; --           ;                 ; --       ; --           ;
; K9       ; 448        ; 7A       ; RESERVED_INPUT_WITH_WEAK_PULLUP ;        ;              ;                     ; Column I/O   ;                 ; no       ; On           ;
; K10      ;            ;          ; GND                             ; gnd    ;              ;                     ; --           ;                 ; --       ; --           ;
; K11      ;            ; --       ; VCC                             ; power  ;              ; 1.1V                ; --           ;                 ; --       ; --           ;
; K12      ;            ;          ; GND                             ; gnd    ;              ;                     ; --           ;                 ; --       ; --           ;
; K13      ;            ; --       ; VCC                             ; power  ;              ; 1.1V                ; --           ;                 ; --       ; --           ;
; K14      ;            ;          ; GND                             ; gnd    ;              ;                     ; --           ;                 ; --       ; --           ;
; K15      ;            ; --       ; VCC                             ; power  ;              ; 1.1V                ; --           ;                 ; --       ; --           ;
; K16      ; 424        ; 7A       ; RESERVED_INPUT_WITH_WEAK_PULLUP ;        ;              ;                     ; Column I/O   ;                 ; no       ; On           ;
; K17      ; 284        ; 5B       ; RESERVED_INPUT_WITH_WEAK_PULLUP ;        ;              ;                     ; Row I/O      ;                 ; no       ; On           ;
; K18      ;            ; 5B       ; VCCIO5B                         ; power  ;              ; 2.5V                ; --           ;                 ; --       ; --           ;
; K19      ; 407        ; 7A       ; RESERVED_INPUT_WITH_WEAK_PULLUP ;        ;              ;                     ; Column I/O   ;                 ; no       ; On           ;
; K20      ; 405        ; 7A       ; RESERVED_INPUT_WITH_WEAK_PULLUP ;        ;              ;                     ; Column I/O   ;                 ; no       ; On           ;
; K21      ; 289        ; 5B       ; RESERVED_INPUT_WITH_WEAK_PULLUP ;        ;              ;                     ; Row I/O      ;                 ; no       ; On           ;
; K22      ; 291        ; 5B       ; RESERVED_INPUT_WITH_WEAK_PULLUP ;        ;              ;                     ; Row I/O      ;                 ; no       ; On           ;
; L1       ; 27         ; B1L      ; GND                             ;        ;              ;                     ; --           ;                 ; --       ; --           ;
; L2       ; 26         ; B1L      ; GND                             ;        ;              ;                     ; --           ;                 ; --       ; --           ;
; L3       ;            ;          ; GND                             ; gnd    ;              ;                     ; --           ;                 ; --       ; --           ;
; L4       ;            ; --       ; VCCE_GXBL                       ; power  ;              ; 1.1V                ; --           ;                 ; --       ; --           ;
; L5       ;            ;          ; GND                             ; gnd    ;              ;                     ; --           ;                 ; --       ; --           ;
; L6       ; 533        ; 9A       ; ^MSEL0                          ;        ;              ;                     ; --           ;                 ; --       ; --           ;
; L7       ; 454        ; 8A       ; RESERVED_INPUT_WITH_WEAK_PULLUP ;        ;              ;                     ; Column I/O   ;                 ; no       ; On           ;
; L8       ; 446        ; 7A       ; RESERVED_INPUT_WITH_WEAK_PULLUP ;        ;              ;                     ; Column I/O   ;                 ; no       ; On           ;
; L9       ;            ;          ; DNU                             ;        ;              ;                     ; --           ;                 ; --       ; --           ;
; L10      ;            ; --       ; VCC                             ; power  ;              ; 1.1V                ; --           ;                 ; --       ; --           ;
; L11      ;            ;          ; GND                             ; gnd    ;              ;                     ; --           ;                 ; --       ; --           ;
; L12      ;            ; --       ; VCC                             ; power  ;              ; 1.1V                ; --           ;                 ; --       ; --           ;
; L13      ;            ;          ; GND                             ; gnd    ;              ;                     ; --           ;                 ; --       ; --           ;
; L14      ;            ; --       ; VCC                             ; power  ;              ; 1.1V                ; --           ;                 ; --       ; --           ;
; L15      ;            ;          ; GND                             ; gnd    ;              ;                     ; --           ;                 ; --       ; --           ;
; L16      ;            ; --       ; VCC                             ; power  ;              ; 1.1V                ; --           ;                 ; --       ; --           ;
; L17      ; 286        ; 5B       ; RESERVED_INPUT_WITH_WEAK_PULLUP ;        ;              ;                     ; Row I/O      ;                 ; no       ; On           ;
; L18      ; 290        ; 5B       ; RESERVED_INPUT_WITH_WEAK_PULLUP ;        ;              ;                     ; Row I/O      ;                 ; no       ; On           ;
; L19      ; 288        ; 5B       ; RESERVED_INPUT_WITH_WEAK_PULLUP ;        ;              ;                     ; Row I/O      ;                 ; no       ; On           ;
; L20      ;            ; 5B       ; VREFB5BN0                       ; power  ;              ;                     ; --           ;                 ; --       ; --           ;
; L21      ;            ;          ; GND                             ; gnd    ;              ;                     ; --           ;                 ; --       ; --           ;
; L22      ; 283        ; 5B       ; RESERVED_INPUT_WITH_WEAK_PULLUP ;        ;              ;                     ; Row I/O      ;                 ; no       ; On           ;
; M1       ;            ;          ; GND                             ; gnd    ;              ;                     ; --           ;                 ; --       ; --           ;
; M2       ;            ;          ; GND                             ; gnd    ;              ;                     ; --           ;                 ; --       ; --           ;
; M3       ;            ; --       ; VCCH_GXBL                       ; power  ;              ; 2.5V                ; --           ;                 ; --       ; --           ;
; M4       ;            ;          ; GND                             ; gnd    ;              ;                     ; --           ;                 ; --       ; --           ;
; M5       ; 42         ; 3A       ; #TDO                            ; output ;              ;                     ; --           ;                 ; --       ; --           ;
; M6       ; 64         ; 3A       ; RESERVED_INPUT_WITH_WEAK_PULLUP ;        ;              ;                     ; Column I/O   ;                 ; no       ; On           ;
; M7       ; 66         ; 3A       ; RESERVED_INPUT_WITH_WEAK_PULLUP ;        ;              ;                     ; Column I/O   ;                 ; no       ; On           ;
; M8       ; 112        ; 3B       ; Instr_out[16]                   ; output ; 2.5 V        ;                     ; Column I/O   ; N               ; no       ; Off          ;
; M9       ; 114        ; 3B       ; Instr_out[26]                   ; output ; 2.5 V        ;                     ; Column I/O   ; N               ; no       ; Off          ;
; M10      ;            ;          ; GND                             ; gnd    ;              ;                     ; --           ;                 ; --       ; --           ;
; M11      ;            ; --       ; VCC                             ; power  ;              ; 1.1V                ; --           ;                 ; --       ; --           ;
; M12      ;            ;          ; GND                             ; gnd    ;              ;                     ; --           ;                 ; --       ; --           ;
; M13      ;            ; --       ; VCC                             ; power  ;              ; 1.1V                ; --           ;                 ; --       ; --           ;
; M14      ;            ;          ; GND                             ; gnd    ;              ;                     ; --           ;                 ; --       ; --           ;
; M15      ;            ; --       ; VCC                             ; power  ;              ; 1.1V                ; --           ;                 ; --       ; --           ;
; M16      ; 278        ; 5B       ; clk                             ; input  ; 2.5 V        ;                     ; Row I/O      ; N               ; no       ; Off          ;
; M17      ;            ; 5B       ; VCCPD5B                         ; power  ;              ; 2.5V                ; --           ;                 ; --       ; --           ;
; M18      ; 282        ; 5B       ; RESERVED_INPUT_WITH_WEAK_PULLUP ;        ;              ;                     ; Row I/O      ;                 ; no       ; On           ;
; M19      ;            ; 5B       ; VCCIO5B                         ; power  ;              ; 2.5V                ; --           ;                 ; --       ; --           ;
; M20      ; 285        ; 5B       ; RESERVED_INPUT_WITH_WEAK_PULLUP ;        ;              ;                     ; Row I/O      ;                 ; no       ; On           ;
; M21      ; 287        ; 5B       ; RESERVED_INPUT_WITH_WEAK_PULLUP ;        ;              ;                     ; Row I/O      ;                 ; no       ; On           ;
; M22      ; 281        ; 5B       ; RESERVED_INPUT_WITH_WEAK_PULLUP ;        ;              ;                     ; Row I/O      ;                 ; no       ; On           ;
; N1       ; 28         ; B0L      ; GXB_NC                          ;        ;              ;                     ; --           ;                 ; --       ; --           ;
; N2       ; 29         ; B0L      ; GXB_NC                          ;        ;              ;                     ; --           ;                 ; --       ; --           ;
; N3       ;            ;          ; GND                             ; gnd    ;              ;                     ; --           ;                 ; --       ; --           ;
; N4       ;            ; --       ; VCCE_GXBL                       ; power  ;              ; 1.1V                ; --           ;                 ; --       ; --           ;
; N5       ;            ;          ; GND                             ; gnd    ;              ;                     ; --           ;                 ; --       ; --           ;
; N6       ; 58         ; 3A       ; RESERVED_INPUT_WITH_WEAK_PULLUP ;        ;              ;                     ; Column I/O   ;                 ; no       ; On           ;
; N7       ;            ;          ; GND                             ; gnd    ;              ;                     ; --           ;                 ; --       ; --           ;
; N8       ; 106        ; 3B       ; Instr_in[27]                    ; input  ; 2.5 V        ;                     ; Column I/O   ; N               ; no       ; Off          ;
; N9       ; 130        ; 3B       ; Instr_out[3]                    ; output ; 2.5 V        ;                     ; Column I/O   ; N               ; no       ; Off          ;
; N10      ;            ; --       ; VCC                             ; power  ;              ; 1.1V                ; --           ;                 ; --       ; --           ;
; N11      ;            ;          ; GND                             ; gnd    ;              ;                     ; --           ;                 ; --       ; --           ;
; N12      ;            ; --       ; VCC                             ; power  ;              ; 1.1V                ; --           ;                 ; --       ; --           ;
; N13      ;            ;          ; GND                             ; gnd    ;              ;                     ; --           ;                 ; --       ; --           ;
; N14      ;            ; --       ; VCC                             ; power  ;              ; 1.1V                ; --           ;                 ; --       ; --           ;
; N15      ;            ;          ; GND                             ; gnd    ;              ;                     ; --           ;                 ; --       ; --           ;
; N16      ; 276        ; 5B       ; rst                             ; input  ; 2.5 V        ;                     ; Row I/O      ; N               ; no       ; Off          ;
; N17      ;            ;          ; GND                             ; gnd    ;              ;                     ; --           ;                 ; --       ; --           ;
; N18      ;            ; 5B       ; VCCPD5B                         ; power  ;              ; 2.5V                ; --           ;                 ; --       ; --           ;
; N19      ; 280        ; 5B       ; RESERVED_INPUT_WITH_WEAK_PULLUP ;        ;              ;                     ; Row I/O      ;                 ; no       ; On           ;
; N20      ; 277        ; 5B       ; RESERVED_INPUT_WITH_WEAK_PULLUP ;        ;              ;                     ; Row I/O      ;                 ; no       ; On           ;
; N21      ; 279        ; 5B       ; RESERVED_INPUT_WITH_WEAK_PULLUP ;        ;              ;                     ; Row I/O      ;                 ; no       ; On           ;
; N22      ;            ;          ; GND                             ; gnd    ;              ;                     ; --           ;                 ; --       ; --           ;
; P1       ;            ;          ; GND                             ; gnd    ;              ;                     ; --           ;                 ; --       ; --           ;
; P2       ;            ;          ; GND                             ; gnd    ;              ;                     ; --           ;                 ; --       ; --           ;
; P3       ;            ; --       ; VCCL_GXBL                       ; power  ;              ; 1.1V                ; --           ;                 ; --       ; --           ;
; P4       ;            ;          ; GND                             ; gnd    ;              ;                     ; --           ;                 ; --       ; --           ;
; P5       ; 44         ; 3A       ; #TMS                            ; input  ;              ;                     ; --           ;                 ; --       ; --           ;
; P6       ; 56         ; 3A       ; RESERVED_INPUT_WITH_WEAK_PULLUP ;        ;              ;                     ; Column I/O   ;                 ; no       ; On           ;
; P7       ; 67         ; 3A       ; Instr_out[5]                    ; output ; 2.5 V        ;                     ; Column I/O   ; N               ; no       ; Off          ;
; P8       ; 104        ; 3B       ; Instr_in[28]                    ; input  ; 2.5 V        ;                     ; Column I/O   ; N               ; no       ; Off          ;
; P9       ; 128        ; 3B       ; Instr_in[7]                     ; input  ; 2.5 V        ;                     ; Column I/O   ; N               ; no       ; Off          ;
; P10      ;            ;          ; GND                             ; gnd    ;              ;                     ; --           ;                 ; --       ; --           ;
; P11      ;            ; --       ; VCC                             ; power  ;              ; 1.1V                ; --           ;                 ; --       ; --           ;
; P12      ; 123        ; 3B       ; Instr_in[31]                    ; input  ; 2.5 V        ;                     ; Column I/O   ; N               ; no       ; Off          ;
; P13      ;            ; --       ; VCC                             ; power  ;              ; 1.1V                ; --           ;                 ; --       ; --           ;
; P14      ; 168        ; 4A       ; RESERVED_INPUT_WITH_WEAK_PULLUP ;        ;              ;                     ; Column I/O   ;                 ; no       ; On           ;
; P15      ;            ; --       ; VCC                             ; power  ;              ; 1.1V                ; --           ;                 ; --       ; --           ;
; P16      ; 225        ; 5A       ; RESERVED_INPUT_WITH_WEAK_PULLUP ;        ;              ;                     ; Row I/O      ;                 ; no       ; On           ;
; P17      ; 227        ; 5A       ; RESERVED_INPUT_WITH_WEAK_PULLUP ;        ;              ;                     ; Row I/O      ;                 ; no       ; On           ;
; P18      ; 226        ; 5A       ; RESERVED_INPUT_WITH_WEAK_PULLUP ;        ;              ;                     ; Row I/O      ;                 ; no       ; On           ;
; P19      ; 224        ; 5A       ; Instr_in[2]                     ; input  ; 2.5 V        ;                     ; Row I/O      ; N               ; no       ; Off          ;
; P20      ;            ; 5A       ; VCCIO5A                         ; power  ;              ; 2.5V                ; --           ;                 ; --       ; --           ;
; P21      ;            ; 5A       ; VCCPD5A                         ; power  ;              ; 2.5V                ; --           ;                 ; --       ; --           ;
; P22      ; 222        ; 5A       ; RESERVED_INPUT_WITH_WEAK_PULLUP ;        ;              ;                     ; Row I/O      ;                 ; no       ; On           ;
; R1       ; 31         ; B0L      ; GND                             ;        ;              ;                     ; --           ;                 ; --       ; --           ;
; R2       ; 30         ; B0L      ; GND                             ;        ;              ;                     ; --           ;                 ; --       ; --           ;
; R3       ;            ;          ; GND                             ; gnd    ;              ;                     ; --           ;                 ; --       ; --           ;
; R4       ; 43         ; 3A       ; ^nCSO, DATA4                    ;        ;              ;                     ; Weak Pull Up ;                 ; --       ; On           ;
; R5       ; 54         ; 3A       ; RESERVED_INPUT_WITH_WEAK_PULLUP ;        ;              ;                     ; Column I/O   ;                 ; no       ; On           ;
; R6       ; 52         ; 3A       ; RESERVED_INPUT_WITH_WEAK_PULLUP ;        ;              ;                     ; Column I/O   ;                 ; no       ; On           ;
; R7       ; 65         ; 3A       ; RESERVED_INPUT_WITH_WEAK_PULLUP ;        ;              ;                     ; Column I/O   ;                 ; no       ; On           ;
; R8       ;            ; 3B       ; VCCIO3B                         ; power  ;              ; 2.5V                ; --           ;                 ; --       ; --           ;
; R9       ; 119        ; 3B       ; Instr_in[16]                    ; input  ; 2.5 V        ;                     ; Column I/O   ; N               ; no       ; Off          ;
; R10      ; 125        ; 3B       ; Instr_out[11]                   ; output ; 2.5 V        ;                     ; Column I/O   ; N               ; no       ; Off          ;
; R11      ; 127        ; 3B       ; Instr_out[27]                   ; output ; 2.5 V        ;                     ; Column I/O   ; N               ; no       ; Off          ;
; R12      ; 121        ; 3B       ; Instr_in[15]                    ; input  ; 2.5 V        ;                     ; Column I/O   ; N               ; no       ; Off          ;
; R13      ;            ;          ; GND                             ; gnd    ;              ;                     ; --           ;                 ; --       ; --           ;
; R14      ; 170        ; 4A       ; RESERVED_INPUT_WITH_WEAK_PULLUP ;        ;              ;                     ; Column I/O   ;                 ; no       ; On           ;
; R15      ; 219        ; 5A       ; RESERVED_INPUT_WITH_WEAK_PULLUP ;        ;              ;                     ; Row I/O      ;                 ; no       ; On           ;
; R16      ; 221        ; 5A       ; RESERVED_INPUT_WITH_WEAK_PULLUP ;        ;              ;                     ; Row I/O      ;                 ; no       ; On           ;
; R17      ; 223        ; 5A       ; RESERVED_INPUT_WITH_WEAK_PULLUP ;        ;              ;                     ; Row I/O      ;                 ; no       ; On           ;
; R18      ;            ; 5A       ; VCCIO5A                         ; power  ;              ; 2.5V                ; --           ;                 ; --       ; --           ;
; R19      ;            ; --       ; VCCPGM                          ; power  ;              ; 1.8V/2.5V/3.0V/3.3V ; --           ;                 ; --       ; --           ;
; R20      ;            ; 5A       ; VREFB5AN0                       ; power  ;              ;                     ; --           ;                 ; --       ; --           ;
; R21      ; 220        ; 5A       ; RESERVED_INPUT_WITH_WEAK_PULLUP ;        ;              ;                     ; Row I/O      ;                 ; no       ; On           ;
; R22      ; 218        ; 5A       ; RESERVED_INPUT_WITH_WEAK_PULLUP ;        ;              ;                     ; Row I/O      ;                 ; no       ; On           ;
; T1       ;            ;          ; GND                             ; gnd    ;              ;                     ; --           ;                 ; --       ; --           ;
; T2       ;            ;          ; GND                             ; gnd    ;              ;                     ; --           ;                 ; --       ; --           ;
; T3       ;            ; --       ; VCCH_GXBL                       ; power  ;              ; 2.5V                ; --           ;                 ; --       ; --           ;
; T4       ; 45         ; 3A       ; ^AS_DATA3, DATA3                ;        ;              ;                     ; Weak Pull Up ;                 ; --       ; On           ;
; T5       ;            ; --       ; VCCA_FPLL                       ; power  ;              ; 2.5V                ; --           ;                 ; --       ; --           ;
; T6       ;            ; 3A       ; VCCIO3A                         ; power  ;              ; 2.5V                ; --           ;                 ; --       ; --           ;
; T7       ; 60         ; 3A       ; RESERVED_INPUT_WITH_WEAK_PULLUP ;        ;              ;                     ; Column I/O   ;                 ; no       ; On           ;
; T8       ; 62         ; 3A       ; RESERVED_INPUT_WITH_WEAK_PULLUP ;        ;              ;                     ; Column I/O   ;                 ; no       ; On           ;
; T9       ; 109        ; 3B       ; Instr_in[24]                    ; input  ; 2.5 V        ;                     ; Column I/O   ; N               ; no       ; Off          ;
; T10      ; 117        ; 3B       ; Instr_in[17]                    ; input  ; 2.5 V        ;                     ; Column I/O   ; N               ; no       ; Off          ;
; T11      ;            ; 3B       ; VCCIO3B                         ; power  ;              ; 2.5V                ; --           ;                 ; --       ; --           ;
; T12      ; 136        ; 4A       ; Instr_out[4]                    ; output ; 2.5 V        ;                     ; Column I/O   ; N               ; no       ; Off          ;
; T13      ; 138        ; 4A       ; Instr_in[19]                    ; input  ; 2.5 V        ;                     ; Column I/O   ; N               ; no       ; Off          ;
; T14      ; 152        ; 4A       ; Instr_out[15]                   ; output ; 2.5 V        ;                     ; Column I/O   ; N               ; no       ; Off          ;
; T15      ; 217        ; 5A       ; RESERVED_INPUT_WITH_WEAK_PULLUP ;        ;              ;                     ; Row I/O      ;                 ; no       ; On           ;
; T16      ;            ;          ; GND                             ; gnd    ;              ;                     ; --           ;                 ; --       ; --           ;
; T17      ; 215        ; 5A       ; RESERVED_INPUT_WITH_WEAK_PULLUP ;        ;              ;                     ; Row I/O      ;                 ; no       ; On           ;
; T18      ; 213        ; 5A       ; Instr_in[14]                    ; input  ; 2.5 V        ;                     ; Row I/O      ; N               ; no       ; Off          ;
; T19      ; 212        ; 5A       ; RESERVED_INPUT_WITH_WEAK_PULLUP ;        ;              ;                     ; Row I/O      ;                 ; no       ; On           ;
; T20      ; 214        ; 5A       ; RESERVED_INPUT_WITH_WEAK_PULLUP ;        ;              ;                     ; Row I/O      ;                 ; no       ; On           ;
; T21      ;            ;          ; GND                             ; gnd    ;              ;                     ; --           ;                 ; --       ; --           ;
; T22      ; 216        ; 5A       ; RESERVED_INPUT_WITH_WEAK_PULLUP ;        ;              ;                     ; Row I/O      ;                 ; no       ; On           ;
; U1       ; 32         ; B0L      ; GXB_NC                          ;        ;              ;                     ; --           ;                 ; --       ; --           ;
; U2       ; 33         ; B0L      ; GXB_NC                          ;        ;              ;                     ; --           ;                 ; --       ; --           ;
; U3       ;            ;          ; GND                             ; gnd    ;              ;                     ; --           ;                 ; --       ; --           ;
; U4       ; 41         ; B0L      ; GND                             ;        ;              ;                     ; Row I/O      ;                 ; --       ; --           ;
; U5       ;            ;          ; GND                             ; gnd    ;              ;                     ; --           ;                 ; --       ; --           ;
; U6       ; 61         ; 3A       ; Instr_in[26]                    ; input  ; 2.5 V        ;                     ; Column I/O   ; N               ; no       ; Off          ;
; U7       ; 53         ; 3A       ; RESERVED_INPUT_WITH_WEAK_PULLUP ;        ;              ;                     ; Column I/O   ;                 ; no       ; On           ;
; U8       ; 55         ; 3A       ; RESERVED_INPUT_WITH_WEAK_PULLUP ;        ;              ;                     ; Column I/O   ;                 ; no       ; On           ;
; U9       ;            ;          ; GND                             ; gnd    ;              ;                     ; --           ;                 ; --       ; --           ;
; U10      ; 111        ; 3B       ; Instr_in[23]                    ; input  ; 2.5 V        ;                     ; Column I/O   ; N               ; no       ; Off          ;
; U11      ; 120        ; 3B       ; Instr_out[1]                    ; output ; 2.5 V        ;                     ; Column I/O   ; N               ; no       ; Off          ;
; U12      ; 122        ; 3B       ; Instr_out[22]                   ; output ; 2.5 V        ;                     ; Column I/O   ; N               ; no       ; Off          ;
; U13      ; 135        ; 4A       ; Instr_out[10]                   ; output ; 2.5 V        ;                     ; Column I/O   ; N               ; no       ; Off          ;
; U14      ;            ; 4A       ; VCCIO4A                         ; power  ;              ; 2.5V                ; --           ;                 ; --       ; --           ;
; U15      ; 154        ; 4A       ; Instr_out[14]                   ; output ; 2.5 V        ;                     ; Column I/O   ; N               ; no       ; Off          ;
; U16      ; 176        ; 4A       ; RESERVED_INPUT_WITH_WEAK_PULLUP ;        ;              ;                     ; Column I/O   ;                 ; no       ; On           ;
; U17      ; 178        ; 4A       ; RESERVED_INPUT_WITH_WEAK_PULLUP ;        ;              ;                     ; Column I/O   ;                 ; no       ; On           ;
; U18      ;            ; --       ; VCCA_FPLL                       ; power  ;              ; 2.5V                ; --           ;                 ; --       ; --           ;
; U19      ;            ; 4A       ; VCCIO4A                         ; power  ;              ; 2.5V                ; --           ;                 ; --       ; --           ;
; U20      ; 179        ; 4A       ; RESERVED_INPUT_WITH_WEAK_PULLUP ;        ;              ;                     ; Column I/O   ;                 ; no       ; On           ;
; U21      ; 177        ; 4A       ; RESERVED_INPUT_WITH_WEAK_PULLUP ;        ;              ;                     ; Column I/O   ;                 ; no       ; On           ;
; U22      ; 172        ; 4A       ; RESERVED_INPUT_WITH_WEAK_PULLUP ;        ;              ;                     ; Column I/O   ;                 ; no       ; On           ;
; V1       ;            ;          ; GND                             ; gnd    ;              ;                     ; --           ;                 ; --       ; --           ;
; V2       ;            ;          ; GND                             ; gnd    ;              ;                     ; --           ;                 ; --       ; --           ;
; V3       ; 50         ; 3A       ; ^DCLK                           ;        ;              ;                     ; Weak Pull Up ;                 ; --       ; On           ;
; V4       ; 40         ; B0L      ; GND                             ;        ;              ;                     ; Row I/O      ;                 ; --       ; --           ;
; V5       ; 46         ; 3A       ; #TCK                            ; input  ;              ;                     ; --           ;                 ; --       ; --           ;
; V6       ; 63         ; 3A       ; RESERVED_INPUT_WITH_WEAK_PULLUP ;        ;              ;                     ; Column I/O   ;                 ; no       ; On           ;
; V7       ;            ;          ; GND                             ; gnd    ;              ;                     ; --           ;                 ; --       ; --           ;
; V8       ;            ; --       ; VCCPGM                          ; power  ;              ; 1.8V/2.5V/3.0V/3.3V ; --           ;                 ; --       ; --           ;
; V9       ; 101        ; 3B       ; Instr_in[22]                    ; input  ; 2.5 V        ;                     ; Column I/O   ; N               ; no       ; Off          ;
; V10      ; 103        ; 3B       ; ALUSrc                          ; input  ; 2.5 V        ;                     ; Column I/O   ; N               ; no       ; Off          ;
; V11      ;            ;          ; DNU                             ;        ;              ;                     ; --           ;                 ; --       ; --           ;
; V12      ;            ;          ; GND                             ; gnd    ;              ;                     ; --           ;                 ; --       ; --           ;
; V13      ; 133        ; 4A       ; Instr_in[9]                     ; input  ; 2.5 V        ;                     ; Column I/O   ; N               ; no       ; Off          ;
; V14      ; 144        ; 4A       ; Instr_out[8]                    ; output ; 2.5 V        ;                     ; Column I/O   ; N               ; no       ; Off          ;
; V15      ; 146        ; 4A       ; Instr_out[25]                   ; output ; 2.5 V        ;                     ; Column I/O   ; N               ; no       ; Off          ;
; V16      ; 160        ; 4A       ; RESERVED_INPUT_WITH_WEAK_PULLUP ;        ;              ;                     ; Column I/O   ;                 ; no       ; On           ;
; V17      ;            ;          ; GND                             ; gnd    ;              ;                     ; --           ;                 ; --       ; --           ;
; V18      ; 175        ; 4A       ; Instr_out[19]                   ; output ; 2.5 V        ;                     ; Column I/O   ; N               ; no       ; Off          ;
; V19      ; 173        ; 4A       ; RESERVED_INPUT_WITH_WEAK_PULLUP ;        ;              ;                     ; Column I/O   ;                 ; no       ; On           ;
; V20      ; 157        ; 4A       ; RESERVED_INPUT_WITH_WEAK_PULLUP ;        ;              ;                     ; Column I/O   ;                 ; no       ; On           ;
; V21      ; 174        ; 4A       ; RESERVED_INPUT_WITH_WEAK_PULLUP ;        ;              ;                     ; Column I/O   ;                 ; no       ; On           ;
; V22      ;            ;          ; GND                             ; gnd    ;              ;                     ; --           ;                 ; --       ; --           ;
; W1       ; 35         ; B0L      ; GND                             ;        ;              ;                     ; --           ;                 ; --       ; --           ;
; W2       ; 34         ; B0L      ; GND                             ;        ;              ;                     ; --           ;                 ; --       ; --           ;
; W3       ;            ;          ; GND                             ; gnd    ;              ;                     ; --           ;                 ; --       ; --           ;
; W4       ;            ;          ; GND                             ; gnd    ;              ;                     ; --           ;                 ; --       ; --           ;
; W5       ; 48         ; 3A       ; #TDI                            ; input  ;              ;                     ; --           ;                 ; --       ; --           ;
; W6       ;            ; 3A       ; VCCPD3A                         ; power  ;              ; 2.5V                ; --           ;                 ; --       ; --           ;
; W7       ;            ; --       ; VCC_AUX                         ; power  ;              ; 2.5V                ; --           ;                 ; --       ; --           ;
; W8       ; 57         ; 3A       ; RESERVED_INPUT_WITH_WEAK_PULLUP ;        ;              ;                     ; Column I/O   ;                 ; no       ; On           ;
; W9       ; 59         ; 3A       ; RESERVED_INPUT_WITH_WEAK_PULLUP ;        ;              ;                     ; Column I/O   ;                 ; no       ; On           ;
; W10      ;            ; 3B       ; VCCIO3B                         ; power  ;              ; 2.5V                ; --           ;                 ; --       ; --           ;
; W11      ;            ; 3B, 4A   ; VCCPD3B4A                       ; power  ;              ; 2.5V                ; --           ;                 ; --       ; --           ;
; W12      ;            ; 3B, 4A   ; VCCPD3B4A                       ; power  ;              ; 2.5V                ; --           ;                 ; --       ; --           ;
; W13      ;            ; --       ; VCC_AUX                         ; power  ;              ; 2.5V                ; --           ;                 ; --       ; --           ;
; W14      ;            ; 3B, 4A   ; VCCPD3B4A                       ; power  ;              ; 2.5V                ; --           ;                 ; --       ; --           ;
; W15      ;            ; 4A       ; VCCIO4A                         ; power  ;              ; 2.5V                ; --           ;                 ; --       ; --           ;
; W16      ; 162        ; 4A       ; Instr_in[4]                     ; input  ; 2.5 V        ;                     ; Column I/O   ; N               ; no       ; Off          ;
; W17      ;            ; 3B, 4A   ; VCCPD3B4A                       ; power  ;              ; 2.5V                ; --           ;                 ; --       ; --           ;
; W18      ;            ; --       ; VCC_AUX                         ; power  ;              ; 2.5V                ; --           ;                 ; --       ; --           ;
; W19      ; 159        ; 4A       ; Instr_in[3]                     ; input  ; 2.5 V        ;                     ; Column I/O   ; N               ; no       ; Off          ;
; W20      ;            ; 4A       ; VCCIO4A                         ; power  ;              ; 2.5V                ; --           ;                 ; --       ; --           ;
; W21      ; 171        ; 4A       ; RESERVED_INPUT_WITH_WEAK_PULLUP ;        ;              ;                     ; Column I/O   ;                 ; no       ; On           ;
; W22      ; 166        ; 4A       ; RESERVED_INPUT_WITH_WEAK_PULLUP ;        ;              ;                     ; Column I/O   ;                 ; no       ; On           ;
; Y1       ;            ;          ; GND                             ; gnd    ;              ;                     ; --           ;                 ; --       ; --           ;
; Y2       ;            ;          ; GND                             ; gnd    ;              ;                     ; --           ;                 ; --       ; --           ;
; Y3       ; 36         ; B0L      ; GXB_NC                          ;        ;              ;                     ; --           ;                 ; --       ; --           ;
; Y4       ; 37         ; B0L      ; GXB_NC                          ;        ;              ;                     ; --           ;                 ; --       ; --           ;
; Y5       ;            ;          ; GND                             ; gnd    ;              ;                     ; --           ;                 ; --       ; --           ;
; Y6       ;            ;          ; DNU                             ;        ;              ;                     ; --           ;                 ; --       ; --           ;
; Y7       ;            ; 3A       ; VREFB3AN0                       ; power  ;              ;                     ; --           ;                 ; --       ; --           ;
; Y8       ;            ; 3A       ; VCCIO3A                         ; power  ;              ; 2.5V                ; --           ;                 ; --       ; --           ;
; Y9       ; 118        ; 3B       ; Instr_in[18]                    ; input  ; 2.5 V        ;                     ; Column I/O   ; N               ; no       ; Off          ;
; Y10      ; 116        ; 3B       ; Instr_out[24]                   ; output ; 2.5 V        ;                     ; Column I/O   ; N               ; no       ; Off          ;
; Y11      ; 129        ; 3B       ; Instr_in[13]                    ; input  ; 2.5 V        ;                     ; Column I/O   ; N               ; no       ; Off          ;
; Y12      ;            ; 3B       ; VREFB3BN0                       ; power  ;              ;                     ; --           ;                 ; --       ; --           ;
; Y13      ;            ; 3B       ; VCCIO3B                         ; power  ;              ; 2.5V                ; --           ;                 ; --       ; --           ;
; Y14      ; 141        ; 4A       ; Instr_in[5]                     ; input  ; 2.5 V        ;                     ; Column I/O   ; N               ; no       ; Off          ;
; Y15      ; 143        ; 4A       ; Instr_out[23]                   ; output ; 2.5 V        ;                     ; Column I/O   ; N               ; no       ; Off          ;
; Y16      ; 149        ; 4A       ; Instr_out[20]                   ; output ; 2.5 V        ;                     ; Column I/O   ; N               ; no       ; Off          ;
; Y17      ; 151        ; 4A       ; Instr_out[6]                    ; output ; 2.5 V        ;                     ; Column I/O   ; N               ; no       ; Off          ;
; Y18      ;            ;          ; GND                             ; gnd    ;              ;                     ; --           ;                 ; --       ; --           ;
; Y19      ; 167        ; 4A       ; RESERVED_INPUT_WITH_WEAK_PULLUP ;        ;              ;                     ; Column I/O   ;                 ; no       ; On           ;
; Y20      ; 165        ; 4A       ; RESERVED_INPUT_WITH_WEAK_PULLUP ;        ;              ;                     ; Column I/O   ;                 ; no       ; On           ;
; Y21      ; 169        ; 4A       ; RESERVED_INPUT_WITH_WEAK_PULLUP ;        ;              ;                     ; Column I/O   ;                 ; no       ; On           ;
; Y22      ; 164        ; 4A       ; RESERVED_INPUT_WITH_WEAK_PULLUP ;        ;              ;                     ; Column I/O   ;                 ; no       ; On           ;
+----------+------------+----------+---------------------------------+--------+--------------+---------------------+--------------+-----------------+----------+--------------+
Note: Pin directions (input, output or bidir) are based on device operating in user mode.


+-----------------------------------------------+
; I/O Assignment Warnings                       ;
+---------------+-------------------------------+
; Pin Name      ; Reason                        ;
+---------------+-------------------------------+
; Instr_out[0]  ; Incomplete set of assignments ;
; Instr_out[1]  ; Incomplete set of assignments ;
; Instr_out[2]  ; Incomplete set of assignments ;
; Instr_out[3]  ; Incomplete set of assignments ;
; Instr_out[4]  ; Incomplete set of assignments ;
; Instr_out[5]  ; Incomplete set of assignments ;
; Instr_out[6]  ; Incomplete set of assignments ;
; Instr_out[7]  ; Incomplete set of assignments ;
; Instr_out[8]  ; Incomplete set of assignments ;
; Instr_out[9]  ; Incomplete set of assignments ;
; Instr_out[10] ; Incomplete set of assignments ;
; Instr_out[11] ; Incomplete set of assignments ;
; Instr_out[12] ; Incomplete set of assignments ;
; Instr_out[13] ; Incomplete set of assignments ;
; Instr_out[14] ; Incomplete set of assignments ;
; Instr_out[15] ; Incomplete set of assignments ;
; Instr_out[16] ; Incomplete set of assignments ;
; Instr_out[17] ; Incomplete set of assignments ;
; Instr_out[18] ; Incomplete set of assignments ;
; Instr_out[19] ; Incomplete set of assignments ;
; Instr_out[20] ; Incomplete set of assignments ;
; Instr_out[21] ; Incomplete set of assignments ;
; Instr_out[22] ; Incomplete set of assignments ;
; Instr_out[23] ; Incomplete set of assignments ;
; Instr_out[24] ; Incomplete set of assignments ;
; Instr_out[25] ; Incomplete set of assignments ;
; Instr_out[26] ; Incomplete set of assignments ;
; Instr_out[27] ; Incomplete set of assignments ;
; Instr_out[28] ; Incomplete set of assignments ;
; Instr_out[29] ; Incomplete set of assignments ;
; Instr_out[30] ; Incomplete set of assignments ;
; Instr_out[31] ; Incomplete set of assignments ;
; clk           ; Incomplete set of assignments ;
; Instr_in[0]   ; Incomplete set of assignments ;
; Instr_in[1]   ; Incomplete set of assignments ;
; Instr_in[2]   ; Incomplete set of assignments ;
; Instr_in[3]   ; Incomplete set of assignments ;
; Instr_in[4]   ; Incomplete set of assignments ;
; Instr_in[5]   ; Incomplete set of assignments ;
; Instr_in[6]   ; Incomplete set of assignments ;
; Instr_in[7]   ; Incomplete set of assignments ;
; Instr_in[8]   ; Incomplete set of assignments ;
; Instr_in[9]   ; Incomplete set of assignments ;
; Instr_in[10]  ; Incomplete set of assignments ;
; Instr_in[11]  ; Incomplete set of assignments ;
; Instr_in[12]  ; Incomplete set of assignments ;
; Instr_in[13]  ; Incomplete set of assignments ;
; Instr_in[14]  ; Incomplete set of assignments ;
; Instr_in[15]  ; Incomplete set of assignments ;
; Instr_in[16]  ; Incomplete set of assignments ;
; Instr_in[17]  ; Incomplete set of assignments ;
; Instr_in[18]  ; Incomplete set of assignments ;
; Instr_in[19]  ; Incomplete set of assignments ;
; Instr_in[20]  ; Incomplete set of assignments ;
; Instr_in[21]  ; Incomplete set of assignments ;
; Instr_in[22]  ; Incomplete set of assignments ;
; Instr_in[23]  ; Incomplete set of assignments ;
; Instr_in[24]  ; Incomplete set of assignments ;
; Instr_in[25]  ; Incomplete set of assignments ;
; Instr_in[26]  ; Incomplete set of assignments ;
; Instr_in[27]  ; Incomplete set of assignments ;
; Instr_in[28]  ; Incomplete set of assignments ;
; Instr_in[29]  ; Incomplete set of assignments ;
; Instr_in[30]  ; Incomplete set of assignments ;
; Instr_in[31]  ; Incomplete set of assignments ;
; rst           ; Incomplete set of assignments ;
; ALUSrc        ; Incomplete set of assignments ;
; RegWrite      ; Incomplete set of assignments ;
; Instr_out[0]  ; Missing location assignment   ;
; Instr_out[1]  ; Missing location assignment   ;
; Instr_out[2]  ; Missing location assignment   ;
; Instr_out[3]  ; Missing location assignment   ;
; Instr_out[4]  ; Missing location assignment   ;
; Instr_out[5]  ; Missing location assignment   ;
; Instr_out[6]  ; Missing location assignment   ;
; Instr_out[7]  ; Missing location assignment   ;
; Instr_out[8]  ; Missing location assignment   ;
; Instr_out[9]  ; Missing location assignment   ;
; Instr_out[10] ; Missing location assignment   ;
; Instr_out[11] ; Missing location assignment   ;
; Instr_out[12] ; Missing location assignment   ;
; Instr_out[13] ; Missing location assignment   ;
; Instr_out[14] ; Missing location assignment   ;
; Instr_out[15] ; Missing location assignment   ;
; Instr_out[16] ; Missing location assignment   ;
; Instr_out[17] ; Missing location assignment   ;
; Instr_out[18] ; Missing location assignment   ;
; Instr_out[19] ; Missing location assignment   ;
; Instr_out[20] ; Missing location assignment   ;
; Instr_out[21] ; Missing location assignment   ;
; Instr_out[22] ; Missing location assignment   ;
; Instr_out[23] ; Missing location assignment   ;
; Instr_out[24] ; Missing location assignment   ;
; Instr_out[25] ; Missing location assignment   ;
; Instr_out[26] ; Missing location assignment   ;
; Instr_out[27] ; Missing location assignment   ;
; Instr_out[28] ; Missing location assignment   ;
; Instr_out[29] ; Missing location assignment   ;
; Instr_out[30] ; Missing location assignment   ;
; Instr_out[31] ; Missing location assignment   ;
; clk           ; Missing location assignment   ;
; Instr_in[0]   ; Missing location assignment   ;
; Instr_in[1]   ; Missing location assignment   ;
; Instr_in[2]   ; Missing location assignment   ;
; Instr_in[3]   ; Missing location assignment   ;
; Instr_in[4]   ; Missing location assignment   ;
; Instr_in[5]   ; Missing location assignment   ;
; Instr_in[6]   ; Missing location assignment   ;
; Instr_in[7]   ; Missing location assignment   ;
; Instr_in[8]   ; Missing location assignment   ;
; Instr_in[9]   ; Missing location assignment   ;
; Instr_in[10]  ; Missing location assignment   ;
; Instr_in[11]  ; Missing location assignment   ;
; Instr_in[12]  ; Missing location assignment   ;
; Instr_in[13]  ; Missing location assignment   ;
; Instr_in[14]  ; Missing location assignment   ;
; Instr_in[15]  ; Missing location assignment   ;
; Instr_in[16]  ; Missing location assignment   ;
; Instr_in[17]  ; Missing location assignment   ;
; Instr_in[18]  ; Missing location assignment   ;
; Instr_in[19]  ; Missing location assignment   ;
; Instr_in[20]  ; Missing location assignment   ;
; Instr_in[21]  ; Missing location assignment   ;
; Instr_in[22]  ; Missing location assignment   ;
; Instr_in[23]  ; Missing location assignment   ;
; Instr_in[24]  ; Missing location assignment   ;
; Instr_in[25]  ; Missing location assignment   ;
; Instr_in[26]  ; Missing location assignment   ;
; Instr_in[27]  ; Missing location assignment   ;
; Instr_in[28]  ; Missing location assignment   ;
; Instr_in[29]  ; Missing location assignment   ;
; Instr_in[30]  ; Missing location assignment   ;
; Instr_in[31]  ; Missing location assignment   ;
; rst           ; Missing location assignment   ;
; ALUSrc        ; Missing location assignment   ;
; RegWrite      ; Missing location assignment   ;
+---------------+-------------------------------+


+----------------------------------------------------------------------------------------------------------------------------------------------------------------------------------------------------------------------------------------------------------------------------------------------------------------------------------------------------------------------------------------------------------------------------------------------------------------------------------------------------------------------------------------------------------------+
; Fitter Resource Utilization by Entity                                                                                                                                                                                                                                                                                                                                                                                                                                                                                                                          ;
+-------------------------------------------------+----------------------+----------------------------------+---------------------------------------------------+----------------------------------+----------------------+---------------------+---------------------------+---------------+-------------------+-------+------------+------+--------------+----------------------------------------------------------------------------------------------------------------------------------------------------------------+---------------------+--------------+
; Compilation Hierarchy Node                      ; ALMs needed [=A-B+C] ; [A] ALMs used in final placement ; [B] Estimate of ALMs recoverable by dense packing ; [C] Estimate of ALMs unavailable ; ALMs used for memory ; Combinational ALUTs ; Dedicated Logic Registers ; I/O Registers ; Block Memory Bits ; M10Ks ; DSP Blocks ; Pins ; Virtual Pins ; Full Hierarchy Name                                                                                                                                            ; Entity Name         ; Library Name ;
+-------------------------------------------------+----------------------+----------------------------------+---------------------------------------------------+----------------------------------+----------------------+---------------------+---------------------------+---------------+-------------------+-------+------------+------+--------------+----------------------------------------------------------------------------------------------------------------------------------------------------------------+---------------------+--------------+
; |ESM                                            ; 1193.0 (10.8)        ; 1306.0 (11.8)                    ; 113.5 (1.0)                                       ; 0.5 (0.0)                        ; 0.0 (0.0)            ; 1671 (17)           ; 1399 (4)                  ; 0 (0)         ; 512               ; 1     ; 0          ; 68   ; 0            ; |ESM                                                                                                                                                           ; ESM                 ; work         ;
;    |BufferValidator:Validator|                  ; 4.4 (4.4)            ; 5.3 (5.3)                        ; 0.9 (0.9)                                         ; 0.0 (0.0)                        ; 0.0 (0.0)            ; 0 (0)               ; 16 (16)                   ; 0 (0)         ; 0                 ; 0     ; 0          ; 0    ; 0            ; |ESM|BufferValidator:Validator                                                                                                                                 ; BufferValidator     ; work         ;
;    |ESM_Core:Core|                              ; 1177.7 (0.0)         ; 1288.8 (0.0)                     ; 111.6 (0.0)                                       ; 0.5 (0.0)                        ; 0.0 (0.0)            ; 1654 (0)            ; 1379 (0)                  ; 0 (0)         ; 0                 ; 0     ; 0          ; 0    ; 0            ; |ESM|ESM_Core:Core                                                                                                                                             ; ESM_Core            ; work         ;
;       |ESM_Core_IDA:IDA|                        ; 879.8 (5.0)          ; 984.8 (5.0)                      ; 105.0 (0.0)                                       ; 0.0 (0.0)                        ; 0.0 (0.0)            ; 1146 (10)           ; 1248 (0)                  ; 0 (0)         ; 0                 ; 0     ; 0          ; 0    ; 0            ; |ESM|ESM_Core:Core|ESM_Core_IDA:IDA                                                                                                                            ; ESM_Core_IDA        ; work         ;
;          |IDT:idt_table|                        ; 179.8 (179.8)        ; 180.0 (180.0)                    ; 0.2 (0.2)                                         ; 0.0 (0.0)                        ; 0.0 (0.0)            ; 336 (336)           ; 240 (240)                 ; 0 (0)         ; 0                 ; 0     ; 0          ; 0    ; 0            ; |ESM|ESM_Core:Core|ESM_Core_IDA:IDA|IDT:idt_table                                                                                                              ; IDT                 ; work         ;
;          |IRT:irt_table|                        ; 690.6 (690.6)        ; 795.5 (795.5)                    ; 104.9 (104.9)                                     ; 0.0 (0.0)                        ; 0.0 (0.0)            ; 800 (800)           ; 992 (992)                 ; 0 (0)         ; 0                 ; 0     ; 0          ; 0    ; 0            ; |ESM|ESM_Core:Core|ESM_Core_IDA:IDA|IRT:irt_table                                                                                                              ; IRT                 ; work         ;
;          |Synchronizer:synchronizer_2|          ; 4.3 (4.3)            ; 4.3 (4.3)                        ; 0.0 (0.0)                                         ; 0.0 (0.0)                        ; 0.0 (0.0)            ; 0 (0)               ; 16 (16)                   ; 0 (0)         ; 0                 ; 0     ; 0          ; 0    ; 0            ; |ESM|ESM_Core:Core|ESM_Core_IDA:IDA|Synchronizer:synchronizer_2                                                                                                ; Synchronizer        ; work         ;
;       |ESM_Core_IIM:IIM|                        ; 297.9 (0.0)          ; 304.0 (0.0)                      ; 6.6 (0.0)                                         ; 0.5 (0.0)                        ; 0.0 (0.0)            ; 508 (0)             ; 131 (0)                   ; 0 (0)         ; 0                 ; 0     ; 0          ; 0    ; 0            ; |ESM|ESM_Core:Core|ESM_Core_IIM:IIM                                                                                                                            ; ESM_Core_IIM        ; work         ;
;          |CandidateList:list|                   ; 4.9 (4.9)            ; 4.9 (4.9)                        ; 0.0 (0.0)                                         ; 0.0 (0.0)                        ; 0.0 (0.0)            ; 0 (0)               ; 16 (16)                   ; 0 (0)         ; 0                 ; 0     ; 0          ; 0    ; 0            ; |ESM|ESM_Core:Core|ESM_Core_IIM:IIM|CandidateList:list                                                                                                         ; CandidateList       ; work         ;
;          |MappingTable:mapping_table|           ; 273.5 (260.1)        ; 278.6 (265.8)                    ; 5.6 (6.1)                                         ; 0.5 (0.4)                        ; 0.0 (0.0)            ; 473 (446)           ; 68 (68)                   ; 0 (0)         ; 0                 ; 0     ; 0          ; 0    ; 0            ; |ESM|ESM_Core:Core|ESM_Core_IIM:IIM|MappingTable:mapping_table                                                                                                 ; MappingTable        ; work         ;
;             |lpm_divide:Mod0|                   ; 12.9 (0.0)           ; 12.8 (0.0)                       ; 0.0 (0.0)                                         ; 0.1 (0.0)                        ; 0.0 (0.0)            ; 27 (0)              ; 0 (0)                     ; 0 (0)         ; 0                 ; 0     ; 0          ; 0    ; 0            ; |ESM|ESM_Core:Core|ESM_Core_IIM:IIM|MappingTable:mapping_table|lpm_divide:Mod0                                                                                 ; lpm_divide          ; work         ;
;                |lpm_divide_42m:auto_generated|  ; 12.9 (0.0)           ; 12.8 (0.0)                       ; 0.0 (0.0)                                         ; 0.1 (0.0)                        ; 0.0 (0.0)            ; 27 (0)              ; 0 (0)                     ; 0 (0)         ; 0                 ; 0     ; 0          ; 0    ; 0            ; |ESM|ESM_Core:Core|ESM_Core_IIM:IIM|MappingTable:mapping_table|lpm_divide:Mod0|lpm_divide_42m:auto_generated                                                   ; lpm_divide_42m      ; work         ;
;                   |sign_div_unsign_7kh:divider| ; 12.9 (0.0)           ; 12.8 (0.0)                       ; 0.0 (0.0)                                         ; 0.1 (0.0)                        ; 0.0 (0.0)            ; 27 (0)              ; 0 (0)                     ; 0 (0)         ; 0                 ; 0     ; 0          ; 0    ; 0            ; |ESM|ESM_Core:Core|ESM_Core_IIM:IIM|MappingTable:mapping_table|lpm_divide:Mod0|lpm_divide_42m:auto_generated|sign_div_unsign_7kh:divider                       ; sign_div_unsign_7kh ; work         ;
;                      |alt_u_div_kse:divider|    ; 12.9 (12.9)          ; 12.8 (12.8)                      ; 0.0 (0.0)                                         ; 0.1 (0.1)                        ; 0.0 (0.0)            ; 27 (27)             ; 0 (0)                     ; 0 (0)         ; 0                 ; 0     ; 0          ; 0    ; 0            ; |ESM|ESM_Core:Core|ESM_Core_IIM:IIM|MappingTable:mapping_table|lpm_divide:Mod0|lpm_divide_42m:auto_generated|sign_div_unsign_7kh:divider|alt_u_div_kse:divider ; alt_u_div_kse       ; work         ;
;          |PRNG:prng|                            ; 16.9 (16.9)          ; 17.6 (17.6)                      ; 0.7 (0.7)                                         ; 0.0 (0.0)                        ; 0.0 (0.0)            ; 35 (35)             ; 36 (36)                   ; 0 (0)         ; 0                 ; 0     ; 0          ; 0    ; 0            ; |ESM|ESM_Core:Core|ESM_Core_IIM:IIM|PRNG:prng                                                                                                                  ; PRNG                ; work         ;
;          |Synchronizer:synchronizer_1|          ; 1.2 (1.2)            ; 1.6 (1.6)                        ; 0.4 (0.4)                                         ; 0.0 (0.0)                        ; 0.0 (0.0)            ; 0 (0)               ; 6 (6)                     ; 0 (0)         ; 0                 ; 0     ; 0          ; 0    ; 0            ; |ESM|ESM_Core:Core|ESM_Core_IIM:IIM|Synchronizer:synchronizer_1                                                                                                ; Synchronizer        ; work         ;
;          |Synchronizer:synchronizer_2|          ; 1.2 (1.2)            ; 1.3 (1.3)                        ; 0.2 (0.2)                                         ; 0.0 (0.0)                        ; 0.0 (0.0)            ; 0 (0)               ; 5 (5)                     ; 0 (0)         ; 0                 ; 0     ; 0          ; 0    ; 0            ; |ESM|ESM_Core:Core|ESM_Core_IIM:IIM|Synchronizer:synchronizer_2                                                                                                ; Synchronizer        ; work         ;
;    |InstructionBuffer:Buffer|                   ; 0.0 (0.0)            ; 0.0 (0.0)                        ; 0.0 (0.0)                                         ; 0.0 (0.0)                        ; 0.0 (0.0)            ; 0 (0)               ; 0 (0)                     ; 0 (0)         ; 512               ; 1     ; 0          ; 0    ; 0            ; |ESM|InstructionBuffer:Buffer                                                                                                                                  ; InstructionBuffer   ; work         ;
;       |altsyncram:Instr_buffer_rtl_0|           ; 0.0 (0.0)            ; 0.0 (0.0)                        ; 0.0 (0.0)                                         ; 0.0 (0.0)                        ; 0.0 (0.0)            ; 0 (0)               ; 0 (0)                     ; 0 (0)         ; 512               ; 1     ; 0          ; 0    ; 0            ; |ESM|InstructionBuffer:Buffer|altsyncram:Instr_buffer_rtl_0                                                                                                    ; altsyncram          ; work         ;
;          |altsyncram_03n1:auto_generated|       ; 0.0 (0.0)            ; 0.0 (0.0)                        ; 0.0 (0.0)                                         ; 0.0 (0.0)                        ; 0.0 (0.0)            ; 0 (0)               ; 0 (0)                     ; 0 (0)         ; 512               ; 1     ; 0          ; 0    ; 0            ; |ESM|InstructionBuffer:Buffer|altsyncram:Instr_buffer_rtl_0|altsyncram_03n1:auto_generated                                                                     ; altsyncram_03n1     ; work         ;
+-------------------------------------------------+----------------------+----------------------------------+---------------------------------------------------+----------------------------------+----------------------+---------------------+---------------------------+---------------+-------------------+-------+------------+------+--------------+----------------------------------------------------------------------------------------------------------------------------------------------------------------+---------------------+--------------+
Note: For table entries with two numbers listed, the numbers in parentheses indicate the number of resources of the given type used by the specific entity alone. The numbers listed outside of parentheses indicate the total resources of the given type used by the specific entity and all of its sub-entities in the hierarchy.


+------------------------------------------------------------------------------------------------------------------------------+
; Delay Chain Summary                                                                                                          ;
+---------------+----------+----+------+------+----+------+-------+--------+------------------------+--------------------------+
; Name          ; Pin Type ; D1 ; D3_0 ; D3_1 ; D4 ; D5   ; D5 OE ; D5 OCT ; T11 (Postamble Gating) ; T11 (Postamble Ungating) ;
+---------------+----------+----+------+------+----+------+-------+--------+------------------------+--------------------------+
; Instr_out[0]  ; Output   ; -- ; --   ; --   ; -- ; (0)  ; (31)  ; --     ; --                     ; --                       ;
; Instr_out[1]  ; Output   ; -- ; --   ; --   ; -- ; (0)  ; (31)  ; --     ; --                     ; --                       ;
; Instr_out[2]  ; Output   ; -- ; --   ; --   ; -- ; (0)  ; (31)  ; --     ; --                     ; --                       ;
; Instr_out[3]  ; Output   ; -- ; --   ; --   ; -- ; (0)  ; (31)  ; --     ; --                     ; --                       ;
; Instr_out[4]  ; Output   ; -- ; --   ; --   ; -- ; (0)  ; (31)  ; --     ; --                     ; --                       ;
; Instr_out[5]  ; Output   ; -- ; --   ; --   ; -- ; (0)  ; (31)  ; --     ; --                     ; --                       ;
; Instr_out[6]  ; Output   ; -- ; --   ; --   ; -- ; (0)  ; (31)  ; --     ; --                     ; --                       ;
; Instr_out[7]  ; Output   ; -- ; --   ; --   ; -- ; (0)  ; (31)  ; --     ; --                     ; --                       ;
; Instr_out[8]  ; Output   ; -- ; --   ; --   ; -- ; (0)  ; (31)  ; --     ; --                     ; --                       ;
; Instr_out[9]  ; Output   ; -- ; --   ; --   ; -- ; (0)  ; (31)  ; --     ; --                     ; --                       ;
; Instr_out[10] ; Output   ; -- ; --   ; --   ; -- ; (0)  ; (31)  ; --     ; --                     ; --                       ;
; Instr_out[11] ; Output   ; -- ; --   ; --   ; -- ; (0)  ; (31)  ; --     ; --                     ; --                       ;
; Instr_out[12] ; Output   ; -- ; --   ; --   ; -- ; (0)  ; (31)  ; --     ; --                     ; --                       ;
; Instr_out[13] ; Output   ; -- ; --   ; --   ; -- ; (0)  ; (31)  ; --     ; --                     ; --                       ;
; Instr_out[14] ; Output   ; -- ; --   ; --   ; -- ; (0)  ; (31)  ; --     ; --                     ; --                       ;
; Instr_out[15] ; Output   ; -- ; --   ; --   ; -- ; (0)  ; (31)  ; --     ; --                     ; --                       ;
; Instr_out[16] ; Output   ; -- ; --   ; --   ; -- ; (0)  ; (31)  ; --     ; --                     ; --                       ;
; Instr_out[17] ; Output   ; -- ; --   ; --   ; -- ; (0)  ; (31)  ; --     ; --                     ; --                       ;
; Instr_out[18] ; Output   ; -- ; --   ; --   ; -- ; (0)  ; (31)  ; --     ; --                     ; --                       ;
; Instr_out[19] ; Output   ; -- ; --   ; --   ; -- ; (0)  ; (31)  ; --     ; --                     ; --                       ;
; Instr_out[20] ; Output   ; -- ; --   ; --   ; -- ; (0)  ; (31)  ; --     ; --                     ; --                       ;
; Instr_out[21] ; Output   ; -- ; --   ; --   ; -- ; (0)  ; (31)  ; --     ; --                     ; --                       ;
; Instr_out[22] ; Output   ; -- ; --   ; --   ; -- ; (0)  ; (31)  ; --     ; --                     ; --                       ;
; Instr_out[23] ; Output   ; -- ; --   ; --   ; -- ; (0)  ; (31)  ; --     ; --                     ; --                       ;
; Instr_out[24] ; Output   ; -- ; --   ; --   ; -- ; (0)  ; (31)  ; --     ; --                     ; --                       ;
; Instr_out[25] ; Output   ; -- ; --   ; --   ; -- ; (0)  ; (31)  ; --     ; --                     ; --                       ;
; Instr_out[26] ; Output   ; -- ; --   ; --   ; -- ; (0)  ; (31)  ; --     ; --                     ; --                       ;
; Instr_out[27] ; Output   ; -- ; --   ; --   ; -- ; (0)  ; (31)  ; --     ; --                     ; --                       ;
; Instr_out[28] ; Output   ; -- ; --   ; --   ; -- ; (0)  ; (31)  ; --     ; --                     ; --                       ;
; Instr_out[29] ; Output   ; -- ; --   ; --   ; -- ; (0)  ; (31)  ; --     ; --                     ; --                       ;
; Instr_out[30] ; Output   ; -- ; --   ; --   ; -- ; (0)  ; (31)  ; --     ; --                     ; --                       ;
; Instr_out[31] ; Output   ; -- ; --   ; --   ; -- ; (0)  ; (31)  ; --     ; --                     ; --                       ;
; clk           ; Input    ; -- ; (0)  ; --   ; -- ; --   ; --    ; --     ; --                     ; --                       ;
; Instr_in[0]   ; Input    ; -- ; --   ; (0)  ; -- ; --   ; --    ; --     ; --                     ; --                       ;
; Instr_in[1]   ; Input    ; -- ; --   ; (0)  ; -- ; --   ; --    ; --     ; --                     ; --                       ;
; Instr_in[2]   ; Input    ; -- ; --   ; (0)  ; -- ; --   ; --    ; --     ; --                     ; --                       ;
; Instr_in[3]   ; Input    ; -- ; --   ; (0)  ; -- ; --   ; --    ; --     ; --                     ; --                       ;
; Instr_in[4]   ; Input    ; -- ; --   ; (0)  ; -- ; --   ; --    ; --     ; --                     ; --                       ;
; Instr_in[5]   ; Input    ; -- ; (0)  ; --   ; -- ; --   ; --    ; --     ; --                     ; --                       ;
; Instr_in[6]   ; Input    ; -- ; (0)  ; --   ; -- ; --   ; --    ; --     ; --                     ; --                       ;
; Instr_in[7]   ; Input    ; -- ; (0)  ; --   ; -- ; --   ; --    ; --     ; --                     ; --                       ;
; Instr_in[8]   ; Input    ; -- ; (0)  ; (0)  ; -- ; --   ; --    ; --     ; --                     ; --                       ;
; Instr_in[9]   ; Input    ; -- ; (0)  ; --   ; -- ; --   ; --    ; --     ; --                     ; --                       ;
; Instr_in[10]  ; Input    ; -- ; --   ; (0)  ; -- ; --   ; --    ; --     ; --                     ; --                       ;
; Instr_in[11]  ; Input    ; -- ; --   ; (0)  ; -- ; --   ; --    ; --     ; --                     ; --                       ;
; Instr_in[12]  ; Input    ; -- ; (0)  ; --   ; -- ; --   ; --    ; --     ; --                     ; --                       ;
; Instr_in[13]  ; Input    ; -- ; --   ; (0)  ; -- ; --   ; --    ; --     ; --                     ; --                       ;
; Instr_in[14]  ; Input    ; -- ; --   ; (0)  ; -- ; --   ; --    ; --     ; --                     ; --                       ;
; Instr_in[15]  ; Input    ; -- ; --   ; (0)  ; -- ; --   ; --    ; --     ; --                     ; --                       ;
; Instr_in[16]  ; Input    ; -- ; (0)  ; --   ; -- ; --   ; --    ; --     ; --                     ; --                       ;
; Instr_in[17]  ; Input    ; -- ; --   ; (0)  ; -- ; --   ; --    ; --     ; --                     ; --                       ;
; Instr_in[18]  ; Input    ; -- ; (0)  ; --   ; -- ; --   ; --    ; --     ; --                     ; --                       ;
; Instr_in[19]  ; Input    ; -- ; --   ; (0)  ; -- ; --   ; --    ; --     ; --                     ; --                       ;
; Instr_in[20]  ; Input    ; -- ; (0)  ; --   ; -- ; --   ; --    ; --     ; --                     ; --                       ;
; Instr_in[21]  ; Input    ; -- ; (0)  ; --   ; -- ; --   ; --    ; --     ; --                     ; --                       ;
; Instr_in[22]  ; Input    ; -- ; --   ; (0)  ; -- ; --   ; --    ; --     ; --                     ; --                       ;
; Instr_in[23]  ; Input    ; -- ; --   ; (0)  ; -- ; --   ; --    ; --     ; --                     ; --                       ;
; Instr_in[24]  ; Input    ; -- ; (0)  ; --   ; -- ; --   ; --    ; --     ; --                     ; --                       ;
; Instr_in[25]  ; Input    ; -- ; --   ; (0)  ; -- ; --   ; --    ; --     ; --                     ; --                       ;
; Instr_in[26]  ; Input    ; -- ; --   ; (0)  ; -- ; --   ; --    ; --     ; --                     ; --                       ;
; Instr_in[27]  ; Input    ; -- ; --   ; (0)  ; -- ; --   ; --    ; --     ; --                     ; --                       ;
; Instr_in[28]  ; Input    ; -- ; --   ; (0)  ; -- ; --   ; --    ; --     ; --                     ; --                       ;
; Instr_in[29]  ; Input    ; -- ; (0)  ; --   ; -- ; --   ; --    ; --     ; --                     ; --                       ;
; Instr_in[30]  ; Input    ; -- ; --   ; (0)  ; -- ; --   ; --    ; --     ; --                     ; --                       ;
; Instr_in[31]  ; Input    ; -- ; (0)  ; --   ; -- ; --   ; --    ; --     ; --                     ; --                       ;
; rst           ; Input    ; -- ; (0)  ; (0)  ; -- ; --   ; --    ; --     ; --                     ; --                       ;
; ALUSrc        ; Input    ; -- ; (0)  ; --   ; -- ; --   ; --    ; --     ; --                     ; --                       ;
; RegWrite      ; Input    ; -- ; --   ; (0)  ; -- ; --   ; --    ; --     ; --                     ; --                       ;
+---------------+----------+----+------+------+----+------+-------+--------+------------------------+--------------------------+


+-----------------------------------------------------------------------------------------------------------------------------------------+
; Pad To Core Delay Chain Fanout                                                                                                          ;
+-----------------------------------------------------------------------------------------------------------+-------------------+---------+
; Source Pin / Fanout                                                                                       ; Pad To Core Index ; Setting ;
+-----------------------------------------------------------------------------------------------------------+-------------------+---------+
; clk                                                                                                       ;                   ;         ;
; Instr_in[0]                                                                                               ;                   ;         ;
;      - InstructionBuffer:Buffer|altsyncram:Instr_buffer_rtl_0|altsyncram_03n1:auto_generated|ram_block1a0 ; 1                 ; 0       ;
;      - WideOr0~2                                                                                          ; 1                 ; 0       ;
; Instr_in[1]                                                                                               ;                   ;         ;
;      - WideOr0~2                                                                                          ; 1                 ; 0       ;
;      - InstructionBuffer:Buffer|altsyncram:Instr_buffer_rtl_0|altsyncram_03n1:auto_generated|ram_block1a0 ; 1                 ; 0       ;
; Instr_in[2]                                                                                               ;                   ;         ;
;      - WideOr0~2                                                                                          ; 1                 ; 0       ;
;      - InstructionBuffer:Buffer|altsyncram:Instr_buffer_rtl_0|altsyncram_03n1:auto_generated|ram_block1a0 ; 1                 ; 0       ;
; Instr_in[3]                                                                                               ;                   ;         ;
;      - WideOr0~2                                                                                          ; 1                 ; 0       ;
;      - InstructionBuffer:Buffer|altsyncram:Instr_buffer_rtl_0|altsyncram_03n1:auto_generated|ram_block1a0 ; 1                 ; 0       ;
; Instr_in[4]                                                                                               ;                   ;         ;
;      - WideOr0~2                                                                                          ; 1                 ; 0       ;
;      - InstructionBuffer:Buffer|altsyncram:Instr_buffer_rtl_0|altsyncram_03n1:auto_generated|ram_block1a0 ; 1                 ; 0       ;
; Instr_in[5]                                                                                               ;                   ;         ;
;      - WideOr0~2                                                                                          ; 0                 ; 0       ;
;      - InstructionBuffer:Buffer|altsyncram:Instr_buffer_rtl_0|altsyncram_03n1:auto_generated|ram_block1a0 ; 0                 ; 0       ;
; Instr_in[6]                                                                                               ;                   ;         ;
;      - WideOr0~1                                                                                          ; 0                 ; 0       ;
;      - InstructionBuffer:Buffer|altsyncram:Instr_buffer_rtl_0|altsyncram_03n1:auto_generated|ram_block1a0 ; 0                 ; 0       ;
; Instr_in[7]                                                                                               ;                   ;         ;
;      - WideOr0~3                                                                                          ; 0                 ; 0       ;
;      - ESM_Core:Core|ESM_Core_IDA:IDA|rd[0]~3                                                             ; 0                 ; 0       ;
;      - ESM_Core:Core|ESM_Core_IDA:IDA|IRT:irt_table|IRT_RD~0                                              ; 0                 ; 0       ;
;      - ESM_Core:Core|ESM_Core_IDA:IDA|IRT:irt_table|ShiftLeft2~0                                          ; 0                 ; 0       ;
;      - ESM_Core:Core|ESM_Core_IDA:IDA|IRT:irt_table|IRT_RD~6                                              ; 0                 ; 0       ;
;      - ESM_Core:Core|ESM_Core_IDA:IDA|IRT:irt_table|IRT_RD~8                                              ; 0                 ; 0       ;
;      - ESM_Core:Core|ESM_Core_IDA:IDA|IRT:irt_table|IRT_RD~14                                             ; 0                 ; 0       ;
;      - ESM_Core:Core|ESM_Core_IDA:IDA|IRT:irt_table|IRT_RD~16                                             ; 0                 ; 0       ;
;      - ESM_Core:Core|ESM_Core_IDA:IDA|IRT:irt_table|IRT_RD~26                                             ; 0                 ; 0       ;
;      - ESM_Core:Core|ESM_Core_IDA:IDA|IRT:irt_table|IRT_RD~28                                             ; 0                 ; 0       ;
;      - ESM_Core:Core|ESM_Core_IDA:IDA|IRT:irt_table|IRT_RD~31                                             ; 0                 ; 0       ;
;      - ESM_Core:Core|ESM_Core_IDA:IDA|IRT:irt_table|IRT_RD~33                                             ; 0                 ; 0       ;
;      - InstructionBuffer:Buffer|altsyncram:Instr_buffer_rtl_0|altsyncram_03n1:auto_generated|ram_block1a0 ; 0                 ; 0       ;
; Instr_in[8]                                                                                               ;                   ;         ;
;      - WideOr0~3                                                                                          ; 0                 ; 0       ;
;      - ESM_Core:Core|ESM_Core_IDA:IDA|rd[1]~4                                                             ; 0                 ; 0       ;
;      - ESM_Core:Core|ESM_Core_IDA:IDA|IRT:irt_table|IRT_RD~0                                              ; 0                 ; 0       ;
;      - ESM_Core:Core|ESM_Core_IDA:IDA|IRT:irt_table|ShiftLeft2~0                                          ; 0                 ; 0       ;
;      - ESM_Core:Core|ESM_Core_IDA:IDA|IRT:irt_table|IRT_RD~10                                             ; 0                 ; 0       ;
;      - ESM_Core:Core|ESM_Core_IDA:IDA|IRT:irt_table|IRT_RD~12                                             ; 0                 ; 0       ;
;      - ESM_Core:Core|ESM_Core_IDA:IDA|IRT:irt_table|IRT_RD~13                                             ; 0                 ; 0       ;
;      - ESM_Core:Core|ESM_Core_IDA:IDA|IRT:irt_table|IRT_RD~14                                             ; 0                 ; 0       ;
;      - ESM_Core:Core|ESM_Core_IDA:IDA|IRT:irt_table|IRT_RD~15                                             ; 0                 ; 0       ;
;      - ESM_Core:Core|ESM_Core_IDA:IDA|IRT:irt_table|IRT_RD~16                                             ; 0                 ; 0       ;
;      - ESM_Core:Core|ESM_Core_IDA:IDA|IRT:irt_table|IRT_RD~21                                             ; 0                 ; 0       ;
;      - ESM_Core:Core|ESM_Core_IDA:IDA|IRT:irt_table|IRT_RD~24                                             ; 0                 ; 0       ;
;      - ESM_Core:Core|ESM_Core_IDA:IDA|IRT:irt_table|IRT_RD~27                                             ; 0                 ; 0       ;
;      - ESM_Core:Core|ESM_Core_IDA:IDA|IRT:irt_table|IRT_RD~28                                             ; 0                 ; 0       ;
;      - ESM_Core:Core|ESM_Core_IDA:IDA|IRT:irt_table|IRT_RD~32                                             ; 0                 ; 0       ;
;      - ESM_Core:Core|ESM_Core_IDA:IDA|IRT:irt_table|IRT_RD~33                                             ; 0                 ; 0       ;
;      - InstructionBuffer:Buffer|altsyncram:Instr_buffer_rtl_0|altsyncram_03n1:auto_generated|ram_block1a0 ; 1                 ; 0       ;
; Instr_in[9]                                                                                               ;                   ;         ;
;      - WideOr0~3                                                                                          ; 0                 ; 0       ;
;      - ESM_Core:Core|ESM_Core_IDA:IDA|rd[2]~0                                                             ; 0                 ; 0       ;
;      - ESM_Core:Core|ESM_Core_IDA:IDA|IRT:irt_table|IRT_RD~0                                              ; 0                 ; 0       ;
;      - ESM_Core:Core|ESM_Core_IDA:IDA|IRT:irt_table|ShiftLeft2~1                                          ; 0                 ; 0       ;
;      - InstructionBuffer:Buffer|altsyncram:Instr_buffer_rtl_0|altsyncram_03n1:auto_generated|ram_block1a0 ; 0                 ; 0       ;
; Instr_in[10]                                                                                              ;                   ;         ;
;      - WideOr0~3                                                                                          ; 1                 ; 0       ;
;      - ESM_Core:Core|ESM_Core_IDA:IDA|rd[3]~1                                                             ; 1                 ; 0       ;
;      - ESM_Core:Core|ESM_Core_IDA:IDA|IRT:irt_table|IRT_RD~0                                              ; 1                 ; 0       ;
;      - ESM_Core:Core|ESM_Core_IDA:IDA|IRT:irt_table|IRT_RD~3                                              ; 1                 ; 0       ;
;      - ESM_Core:Core|ESM_Core_IDA:IDA|IRT:irt_table|ShiftLeft2~1                                          ; 1                 ; 0       ;
;      - ESM_Core:Core|ESM_Core_IDA:IDA|IRT:irt_table|IRT_RD~8                                              ; 1                 ; 0       ;
;      - ESM_Core:Core|ESM_Core_IDA:IDA|IRT:irt_table|IRT_RD~12                                             ; 1                 ; 0       ;
;      - ESM_Core:Core|ESM_Core_IDA:IDA|IRT:irt_table|IRT_RD~16                                             ; 1                 ; 0       ;
;      - ESM_Core:Core|ESM_Core_IDA:IDA|IRT:irt_table|IRT_RD~25                                             ; 1                 ; 0       ;
;      - ESM_Core:Core|ESM_Core_IDA:IDA|IRT:irt_table|IRT_RD~26                                             ; 1                 ; 0       ;
;      - ESM_Core:Core|ESM_Core_IDA:IDA|IRT:irt_table|IRT_RD~27                                             ; 1                 ; 0       ;
;      - ESM_Core:Core|ESM_Core_IDA:IDA|IRT:irt_table|IRT_RD~28                                             ; 1                 ; 0       ;
;      - InstructionBuffer:Buffer|altsyncram:Instr_buffer_rtl_0|altsyncram_03n1:auto_generated|ram_block1a0 ; 1                 ; 0       ;
; Instr_in[11]                                                                                              ;                   ;         ;
;      - WideOr0~1                                                                                          ; 1                 ; 0       ;
;      - ESM_Core:Core|ESM_Core_IDA:IDA|rd[4]~2                                                             ; 1                 ; 0       ;
;      - InstructionBuffer:Buffer|altsyncram:Instr_buffer_rtl_0|altsyncram_03n1:auto_generated|ram_block1a0 ; 1                 ; 0       ;
; Instr_in[12]                                                                                              ;                   ;         ;
;      - WideOr0~1                                                                                          ; 0                 ; 0       ;
;      - InstructionBuffer:Buffer|altsyncram:Instr_buffer_rtl_0|altsyncram_03n1:auto_generated|ram_block1a0 ; 0                 ; 0       ;
; Instr_in[13]                                                                                              ;                   ;         ;
;      - WideOr0~1                                                                                          ; 1                 ; 0       ;
;      - InstructionBuffer:Buffer|altsyncram:Instr_buffer_rtl_0|altsyncram_03n1:auto_generated|ram_block1a0 ; 1                 ; 0       ;
; Instr_in[14]                                                                                              ;                   ;         ;
;      - WideOr0~1                                                                                          ; 1                 ; 0       ;
;      - InstructionBuffer:Buffer|altsyncram:Instr_buffer_rtl_0|altsyncram_03n1:auto_generated|ram_block1a0 ; 1                 ; 0       ;
; Instr_in[15]                                                                                              ;                   ;         ;
;      - ESM_Core:Core|ESM_Core_IDA:IDA|IRT:irt_table|comb~0                                                ; 1                 ; 0       ;
;      - ESM_Core:Core|ESM_Core_IDA:IDA|IRT:irt_table|Mux16~4                                               ; 1                 ; 0       ;
;      - ESM_Core:Core|ESM_Core_IDA:IDA|IRT:irt_table|Mux16~5                                               ; 1                 ; 0       ;
;      - ESM_Core:Core|ESM_Core_IDA:IDA|IRT:irt_table|Mux16~6                                               ; 1                 ; 0       ;
;      - ESM_Core:Core|ESM_Core_IDA:IDA|IRT:irt_table|Mux16~7                                               ; 1                 ; 0       ;
;      - ESM_Core:Core|ESM_Core_IDA:IDA|IRT:irt_table|Mux16~8                                               ; 1                 ; 0       ;
;      - ESM_Core:Core|ESM_Core_IDA:IDA|IRT:irt_table|Mux44~4                                               ; 1                 ; 0       ;
;      - ESM_Core:Core|ESM_Core_IDA:IDA|IRT:irt_table|Mux44~5                                               ; 1                 ; 0       ;
;      - ESM_Core:Core|ESM_Core_IDA:IDA|IRT:irt_table|Mux44~6                                               ; 1                 ; 0       ;
;      - ESM_Core:Core|ESM_Core_IDA:IDA|IRT:irt_table|Mux44~7                                               ; 1                 ; 0       ;
;      - ESM_Core:Core|ESM_Core_IDA:IDA|IRT:irt_table|Mux44~8                                               ; 1                 ; 0       ;
;      - ESM_Core:Core|ESM_Core_IDA:IDA|IRT:irt_table|Mux0~4                                                ; 1                 ; 0       ;
;      - ESM_Core:Core|ESM_Core_IDA:IDA|IRT:irt_table|Mux0~5                                                ; 1                 ; 0       ;
;      - ESM_Core:Core|ESM_Core_IDA:IDA|IRT:irt_table|Mux0~6                                                ; 1                 ; 0       ;
;      - ESM_Core:Core|ESM_Core_IDA:IDA|IRT:irt_table|Mux0~7                                                ; 1                 ; 0       ;
;      - ESM_Core:Core|ESM_Core_IDA:IDA|IRT:irt_table|Mux0~8                                                ; 1                 ; 0       ;
;      - ESM_Core:Core|ESM_Core_IDA:IDA|IRT:irt_table|Mux4~4                                                ; 1                 ; 0       ;
;      - ESM_Core:Core|ESM_Core_IDA:IDA|IRT:irt_table|Mux4~5                                                ; 1                 ; 0       ;
;      - ESM_Core:Core|ESM_Core_IDA:IDA|IRT:irt_table|Mux4~6                                                ; 1                 ; 0       ;
;      - ESM_Core:Core|ESM_Core_IDA:IDA|IRT:irt_table|Mux4~7                                                ; 1                 ; 0       ;
;      - ESM_Core:Core|ESM_Core_IDA:IDA|IRT:irt_table|Mux4~8                                                ; 1                 ; 0       ;
;      - ESM_Core:Core|ESM_Core_IDA:IDA|IRT:irt_table|Mux8~4                                                ; 1                 ; 0       ;
;      - ESM_Core:Core|ESM_Core_IDA:IDA|IRT:irt_table|Mux8~5                                                ; 1                 ; 0       ;
;      - ESM_Core:Core|ESM_Core_IDA:IDA|IRT:irt_table|Mux8~6                                                ; 1                 ; 0       ;
;      - ESM_Core:Core|ESM_Core_IDA:IDA|IRT:irt_table|Mux8~7                                                ; 1                 ; 0       ;
;      - ESM_Core:Core|ESM_Core_IDA:IDA|IRT:irt_table|Mux8~8                                                ; 1                 ; 0       ;
;      - ESM_Core:Core|ESM_Core_IDA:IDA|IRT:irt_table|Mux12~4                                               ; 1                 ; 0       ;
;      - ESM_Core:Core|ESM_Core_IDA:IDA|IRT:irt_table|Mux12~5                                               ; 1                 ; 0       ;
;      - ESM_Core:Core|ESM_Core_IDA:IDA|IRT:irt_table|Mux12~6                                               ; 1                 ; 0       ;
;      - ESM_Core:Core|ESM_Core_IDA:IDA|IRT:irt_table|Mux12~7                                               ; 1                 ; 0       ;
;      - ESM_Core:Core|ESM_Core_IDA:IDA|IRT:irt_table|Mux12~8                                               ; 1                 ; 0       ;
;      - ESM_Core:Core|ESM_Core_IDA:IDA|IRT:irt_table|Mux24~4                                               ; 1                 ; 0       ;
;      - ESM_Core:Core|ESM_Core_IDA:IDA|IRT:irt_table|Mux24~5                                               ; 1                 ; 0       ;
;      - ESM_Core:Core|ESM_Core_IDA:IDA|IRT:irt_table|Mux24~6                                               ; 1                 ; 0       ;
;      - ESM_Core:Core|ESM_Core_IDA:IDA|IRT:irt_table|Mux24~7                                               ; 1                 ; 0       ;
;      - ESM_Core:Core|ESM_Core_IDA:IDA|IRT:irt_table|Mux24~8                                               ; 1                 ; 0       ;
;      - ESM_Core:Core|ESM_Core_IDA:IDA|IRT:irt_table|Mux28~4                                               ; 1                 ; 0       ;
;      - ESM_Core:Core|ESM_Core_IDA:IDA|IRT:irt_table|Mux28~5                                               ; 1                 ; 0       ;
;      - ESM_Core:Core|ESM_Core_IDA:IDA|IRT:irt_table|Mux28~6                                               ; 1                 ; 0       ;
;      - ESM_Core:Core|ESM_Core_IDA:IDA|IRT:irt_table|Mux28~7                                               ; 1                 ; 0       ;
;      - ESM_Core:Core|ESM_Core_IDA:IDA|IRT:irt_table|Mux28~8                                               ; 1                 ; 0       ;
;      - ESM_Core:Core|ESM_Core_IDA:IDA|IRT:irt_table|Mux32~4                                               ; 1                 ; 0       ;
;      - ESM_Core:Core|ESM_Core_IDA:IDA|IRT:irt_table|Mux32~5                                               ; 1                 ; 0       ;
;      - ESM_Core:Core|ESM_Core_IDA:IDA|IRT:irt_table|Mux32~6                                               ; 1                 ; 0       ;
;      - ESM_Core:Core|ESM_Core_IDA:IDA|IRT:irt_table|Mux32~7                                               ; 1                 ; 0       ;
;      - ESM_Core:Core|ESM_Core_IDA:IDA|IRT:irt_table|Mux32~8                                               ; 1                 ; 0       ;
;      - ESM_Core:Core|ESM_Core_IDA:IDA|IRT:irt_table|Mux36~4                                               ; 1                 ; 0       ;
;      - ESM_Core:Core|ESM_Core_IDA:IDA|IRT:irt_table|Mux36~5                                               ; 1                 ; 0       ;
;      - ESM_Core:Core|ESM_Core_IDA:IDA|IRT:irt_table|Mux36~6                                               ; 1                 ; 0       ;
;      - ESM_Core:Core|ESM_Core_IDA:IDA|IRT:irt_table|Mux36~7                                               ; 1                 ; 0       ;
;      - ESM_Core:Core|ESM_Core_IDA:IDA|IRT:irt_table|Mux36~8                                               ; 1                 ; 0       ;
;      - ESM_Core:Core|ESM_Core_IDA:IDA|IRT:irt_table|Mux40~4                                               ; 1                 ; 0       ;
;      - ESM_Core:Core|ESM_Core_IDA:IDA|IRT:irt_table|Mux40~5                                               ; 1                 ; 0       ;
;      - ESM_Core:Core|ESM_Core_IDA:IDA|IRT:irt_table|Mux40~6                                               ; 1                 ; 0       ;
;      - ESM_Core:Core|ESM_Core_IDA:IDA|IRT:irt_table|Mux40~7                                               ; 1                 ; 0       ;
;      - ESM_Core:Core|ESM_Core_IDA:IDA|IRT:irt_table|Mux40~8                                               ; 1                 ; 0       ;
;      - ESM_Core:Core|ESM_Core_IDA:IDA|IRT:irt_table|Mux48~4                                               ; 1                 ; 0       ;
;      - ESM_Core:Core|ESM_Core_IDA:IDA|IRT:irt_table|Mux48~5                                               ; 1                 ; 0       ;
;      - ESM_Core:Core|ESM_Core_IDA:IDA|IRT:irt_table|Mux48~6                                               ; 1                 ; 0       ;
;      - ESM_Core:Core|ESM_Core_IDA:IDA|IRT:irt_table|Mux48~7                                               ; 1                 ; 0       ;
;      - ESM_Core:Core|ESM_Core_IDA:IDA|IRT:irt_table|Mux48~8                                               ; 1                 ; 0       ;
;      - ESM_Core:Core|ESM_Core_IDA:IDA|IRT:irt_table|Mux52~4                                               ; 1                 ; 0       ;
;      - ESM_Core:Core|ESM_Core_IDA:IDA|IRT:irt_table|Mux52~5                                               ; 1                 ; 0       ;
;      - ESM_Core:Core|ESM_Core_IDA:IDA|IRT:irt_table|Mux52~6                                               ; 1                 ; 0       ;
;      - ESM_Core:Core|ESM_Core_IDA:IDA|IRT:irt_table|Mux52~7                                               ; 1                 ; 0       ;
;      - ESM_Core:Core|ESM_Core_IDA:IDA|IRT:irt_table|Mux52~8                                               ; 1                 ; 0       ;
;      - ESM_Core:Core|ESM_Core_IDA:IDA|IRT:irt_table|Mux56~4                                               ; 1                 ; 0       ;
;      - ESM_Core:Core|ESM_Core_IDA:IDA|IRT:irt_table|Mux56~5                                               ; 1                 ; 0       ;
;      - ESM_Core:Core|ESM_Core_IDA:IDA|IRT:irt_table|Mux56~6                                               ; 1                 ; 0       ;
;      - ESM_Core:Core|ESM_Core_IDA:IDA|IRT:irt_table|Mux56~7                                               ; 1                 ; 0       ;
;      - ESM_Core:Core|ESM_Core_IDA:IDA|IRT:irt_table|Mux56~8                                               ; 1                 ; 0       ;
;      - ESM_Core:Core|ESM_Core_IDA:IDA|IRT:irt_table|Mux60~4                                               ; 1                 ; 0       ;
;      - ESM_Core:Core|ESM_Core_IDA:IDA|IRT:irt_table|Mux60~5                                               ; 1                 ; 0       ;
;      - ESM_Core:Core|ESM_Core_IDA:IDA|IRT:irt_table|Mux60~6                                               ; 1                 ; 0       ;
;      - ESM_Core:Core|ESM_Core_IDA:IDA|IRT:irt_table|Mux60~7                                               ; 1                 ; 0       ;
;      - ESM_Core:Core|ESM_Core_IDA:IDA|IRT:irt_table|Mux60~8                                               ; 1                 ; 0       ;
;      - ESM_Core:Core|ESM_Core_IDA:IDA|IRT:irt_table|Mux20~4                                               ; 1                 ; 0       ;
;      - ESM_Core:Core|ESM_Core_IDA:IDA|IRT:irt_table|Mux20~5                                               ; 1                 ; 0       ;
;      - ESM_Core:Core|ESM_Core_IDA:IDA|IRT:irt_table|Mux20~6                                               ; 1                 ; 0       ;
;      - ESM_Core:Core|ESM_Core_IDA:IDA|IRT:irt_table|Mux20~7                                               ; 1                 ; 0       ;
;      - ESM_Core:Core|ESM_Core_IDA:IDA|IRT:irt_table|Mux20~8                                               ; 1                 ; 0       ;
;      - ESM_Core:Core|ESM_Core_IDA:IDA|IRT:irt_table|ShiftLeft0~0                                          ; 1                 ; 0       ;
;      - ESM_Core:Core|ESM_Core_IDA:IDA|IRT:irt_table|comb~1                                                ; 1                 ; 0       ;
;      - ESM_Core:Core|ESM_Core_IDA:IDA|IRT:irt_table|comb~3                                                ; 1                 ; 0       ;
;      - ESM_Core:Core|ESM_Core_IDA:IDA|IRT:irt_table|comb~4                                                ; 1                 ; 0       ;
;      - ESM_Core:Core|ESM_Core_IDA:IDA|IRT:irt_table|current_rs[8]                                         ; 1                 ; 0       ;
;      - ESM_Core:Core|ESM_Core_IDA:IDA|IRT:irt_table|current_rs[10]                                        ; 1                 ; 0       ;
;      - ESM_Core:Core|ESM_Core_IDA:IDA|IRT:irt_table|current_rs[12]                                        ; 1                 ; 0       ;
;      - ESM_Core:Core|ESM_Core_IDA:IDA|IRT:irt_table|current_rs[14]                                        ; 1                 ; 0       ;
;      - ESM_Core:Core|ESM_Core_IDA:IDA|IRT:irt_table|current_rs[4]                                         ; 1                 ; 0       ;
;      - ESM_Core:Core|ESM_Core_IDA:IDA|IRT:irt_table|current_rs[6]                                         ; 1                 ; 0       ;
;      - ESM_Core:Core|ESM_Core_IDA:IDA|IRT:irt_table|current_rs[2]                                         ; 1                 ; 0       ;
;      - InstructionBuffer:Buffer|altsyncram:Instr_buffer_rtl_0|altsyncram_03n1:auto_generated|ram_block1a0 ; 1                 ; 0       ;
; Instr_in[16]                                                                                              ;                   ;         ;
;      - ESM_Core:Core|ESM_Core_IDA:IDA|IRT:irt_table|comb~0                                                ; 0                 ; 0       ;
;      - ESM_Core:Core|ESM_Core_IDA:IDA|IRT:irt_table|Mux16~4                                               ; 0                 ; 0       ;
;      - ESM_Core:Core|ESM_Core_IDA:IDA|IRT:irt_table|Mux16~5                                               ; 0                 ; 0       ;
;      - ESM_Core:Core|ESM_Core_IDA:IDA|IRT:irt_table|Mux16~6                                               ; 0                 ; 0       ;
;      - ESM_Core:Core|ESM_Core_IDA:IDA|IRT:irt_table|Mux16~7                                               ; 0                 ; 0       ;
;      - ESM_Core:Core|ESM_Core_IDA:IDA|IRT:irt_table|Mux16~8                                               ; 0                 ; 0       ;
;      - ESM_Core:Core|ESM_Core_IDA:IDA|IRT:irt_table|Mux44~4                                               ; 0                 ; 0       ;
;      - ESM_Core:Core|ESM_Core_IDA:IDA|IRT:irt_table|Mux44~5                                               ; 0                 ; 0       ;
;      - ESM_Core:Core|ESM_Core_IDA:IDA|IRT:irt_table|Mux44~6                                               ; 0                 ; 0       ;
;      - ESM_Core:Core|ESM_Core_IDA:IDA|IRT:irt_table|Mux44~7                                               ; 0                 ; 0       ;
;      - ESM_Core:Core|ESM_Core_IDA:IDA|IRT:irt_table|Mux44~8                                               ; 0                 ; 0       ;
;      - ESM_Core:Core|ESM_Core_IDA:IDA|IRT:irt_table|Mux0~4                                                ; 0                 ; 0       ;
;      - ESM_Core:Core|ESM_Core_IDA:IDA|IRT:irt_table|Mux0~5                                                ; 0                 ; 0       ;
;      - ESM_Core:Core|ESM_Core_IDA:IDA|IRT:irt_table|Mux0~6                                                ; 0                 ; 0       ;
;      - ESM_Core:Core|ESM_Core_IDA:IDA|IRT:irt_table|Mux0~7                                                ; 0                 ; 0       ;
;      - ESM_Core:Core|ESM_Core_IDA:IDA|IRT:irt_table|Mux0~8                                                ; 0                 ; 0       ;
;      - ESM_Core:Core|ESM_Core_IDA:IDA|IRT:irt_table|Mux4~4                                                ; 0                 ; 0       ;
;      - ESM_Core:Core|ESM_Core_IDA:IDA|IRT:irt_table|Mux4~5                                                ; 0                 ; 0       ;
;      - ESM_Core:Core|ESM_Core_IDA:IDA|IRT:irt_table|Mux4~6                                                ; 0                 ; 0       ;
;      - ESM_Core:Core|ESM_Core_IDA:IDA|IRT:irt_table|Mux4~7                                                ; 0                 ; 0       ;
;      - ESM_Core:Core|ESM_Core_IDA:IDA|IRT:irt_table|Mux4~8                                                ; 0                 ; 0       ;
;      - ESM_Core:Core|ESM_Core_IDA:IDA|IRT:irt_table|Mux8~4                                                ; 0                 ; 0       ;
;      - ESM_Core:Core|ESM_Core_IDA:IDA|IRT:irt_table|Mux8~5                                                ; 0                 ; 0       ;
;      - ESM_Core:Core|ESM_Core_IDA:IDA|IRT:irt_table|Mux8~6                                                ; 0                 ; 0       ;
;      - ESM_Core:Core|ESM_Core_IDA:IDA|IRT:irt_table|Mux8~7                                                ; 0                 ; 0       ;
;      - ESM_Core:Core|ESM_Core_IDA:IDA|IRT:irt_table|Mux8~8                                                ; 0                 ; 0       ;
;      - ESM_Core:Core|ESM_Core_IDA:IDA|IRT:irt_table|Mux12~4                                               ; 0                 ; 0       ;
;      - ESM_Core:Core|ESM_Core_IDA:IDA|IRT:irt_table|Mux12~5                                               ; 0                 ; 0       ;
;      - ESM_Core:Core|ESM_Core_IDA:IDA|IRT:irt_table|Mux12~6                                               ; 0                 ; 0       ;
;      - ESM_Core:Core|ESM_Core_IDA:IDA|IRT:irt_table|Mux12~7                                               ; 0                 ; 0       ;
;      - ESM_Core:Core|ESM_Core_IDA:IDA|IRT:irt_table|Mux12~8                                               ; 0                 ; 0       ;
;      - ESM_Core:Core|ESM_Core_IDA:IDA|IRT:irt_table|Mux24~4                                               ; 0                 ; 0       ;
;      - ESM_Core:Core|ESM_Core_IDA:IDA|IRT:irt_table|Mux24~5                                               ; 0                 ; 0       ;
;      - ESM_Core:Core|ESM_Core_IDA:IDA|IRT:irt_table|Mux24~6                                               ; 0                 ; 0       ;
;      - ESM_Core:Core|ESM_Core_IDA:IDA|IRT:irt_table|Mux24~7                                               ; 0                 ; 0       ;
;      - ESM_Core:Core|ESM_Core_IDA:IDA|IRT:irt_table|Mux24~8                                               ; 0                 ; 0       ;
;      - ESM_Core:Core|ESM_Core_IDA:IDA|IRT:irt_table|Mux28~4                                               ; 0                 ; 0       ;
;      - ESM_Core:Core|ESM_Core_IDA:IDA|IRT:irt_table|Mux28~5                                               ; 0                 ; 0       ;
;      - ESM_Core:Core|ESM_Core_IDA:IDA|IRT:irt_table|Mux28~6                                               ; 0                 ; 0       ;
;      - ESM_Core:Core|ESM_Core_IDA:IDA|IRT:irt_table|Mux28~7                                               ; 0                 ; 0       ;
;      - ESM_Core:Core|ESM_Core_IDA:IDA|IRT:irt_table|Mux28~8                                               ; 0                 ; 0       ;
;      - ESM_Core:Core|ESM_Core_IDA:IDA|IRT:irt_table|Mux32~4                                               ; 0                 ; 0       ;
;      - ESM_Core:Core|ESM_Core_IDA:IDA|IRT:irt_table|Mux32~5                                               ; 0                 ; 0       ;
;      - ESM_Core:Core|ESM_Core_IDA:IDA|IRT:irt_table|Mux32~6                                               ; 0                 ; 0       ;
;      - ESM_Core:Core|ESM_Core_IDA:IDA|IRT:irt_table|Mux32~7                                               ; 0                 ; 0       ;
;      - ESM_Core:Core|ESM_Core_IDA:IDA|IRT:irt_table|Mux32~8                                               ; 0                 ; 0       ;
;      - ESM_Core:Core|ESM_Core_IDA:IDA|IRT:irt_table|Mux36~4                                               ; 0                 ; 0       ;
;      - ESM_Core:Core|ESM_Core_IDA:IDA|IRT:irt_table|Mux36~5                                               ; 0                 ; 0       ;
;      - ESM_Core:Core|ESM_Core_IDA:IDA|IRT:irt_table|Mux36~6                                               ; 0                 ; 0       ;
;      - ESM_Core:Core|ESM_Core_IDA:IDA|IRT:irt_table|Mux36~7                                               ; 0                 ; 0       ;
;      - ESM_Core:Core|ESM_Core_IDA:IDA|IRT:irt_table|Mux36~8                                               ; 0                 ; 0       ;
;      - ESM_Core:Core|ESM_Core_IDA:IDA|IRT:irt_table|Mux40~4                                               ; 0                 ; 0       ;
;      - ESM_Core:Core|ESM_Core_IDA:IDA|IRT:irt_table|Mux40~5                                               ; 0                 ; 0       ;
;      - ESM_Core:Core|ESM_Core_IDA:IDA|IRT:irt_table|Mux40~6                                               ; 0                 ; 0       ;
;      - ESM_Core:Core|ESM_Core_IDA:IDA|IRT:irt_table|Mux40~7                                               ; 0                 ; 0       ;
;      - ESM_Core:Core|ESM_Core_IDA:IDA|IRT:irt_table|Mux40~8                                               ; 0                 ; 0       ;
;      - ESM_Core:Core|ESM_Core_IDA:IDA|IRT:irt_table|Mux48~4                                               ; 0                 ; 0       ;
;      - ESM_Core:Core|ESM_Core_IDA:IDA|IRT:irt_table|Mux48~5                                               ; 0                 ; 0       ;
;      - ESM_Core:Core|ESM_Core_IDA:IDA|IRT:irt_table|Mux48~6                                               ; 0                 ; 0       ;
;      - ESM_Core:Core|ESM_Core_IDA:IDA|IRT:irt_table|Mux48~7                                               ; 0                 ; 0       ;
;      - ESM_Core:Core|ESM_Core_IDA:IDA|IRT:irt_table|Mux48~8                                               ; 0                 ; 0       ;
;      - ESM_Core:Core|ESM_Core_IDA:IDA|IRT:irt_table|Mux52~4                                               ; 0                 ; 0       ;
;      - ESM_Core:Core|ESM_Core_IDA:IDA|IRT:irt_table|Mux52~5                                               ; 0                 ; 0       ;
;      - ESM_Core:Core|ESM_Core_IDA:IDA|IRT:irt_table|Mux52~6                                               ; 0                 ; 0       ;
;      - ESM_Core:Core|ESM_Core_IDA:IDA|IRT:irt_table|Mux52~7                                               ; 0                 ; 0       ;
;      - ESM_Core:Core|ESM_Core_IDA:IDA|IRT:irt_table|Mux52~8                                               ; 0                 ; 0       ;
;      - ESM_Core:Core|ESM_Core_IDA:IDA|IRT:irt_table|Mux56~4                                               ; 0                 ; 0       ;
;      - ESM_Core:Core|ESM_Core_IDA:IDA|IRT:irt_table|Mux56~5                                               ; 0                 ; 0       ;
;      - ESM_Core:Core|ESM_Core_IDA:IDA|IRT:irt_table|Mux56~6                                               ; 0                 ; 0       ;
;      - ESM_Core:Core|ESM_Core_IDA:IDA|IRT:irt_table|Mux56~7                                               ; 0                 ; 0       ;
;      - ESM_Core:Core|ESM_Core_IDA:IDA|IRT:irt_table|Mux56~8                                               ; 0                 ; 0       ;
;      - ESM_Core:Core|ESM_Core_IDA:IDA|IRT:irt_table|Mux60~4                                               ; 0                 ; 0       ;
;      - ESM_Core:Core|ESM_Core_IDA:IDA|IRT:irt_table|Mux60~5                                               ; 0                 ; 0       ;
;      - ESM_Core:Core|ESM_Core_IDA:IDA|IRT:irt_table|Mux60~6                                               ; 0                 ; 0       ;
;      - ESM_Core:Core|ESM_Core_IDA:IDA|IRT:irt_table|Mux60~7                                               ; 0                 ; 0       ;
;      - ESM_Core:Core|ESM_Core_IDA:IDA|IRT:irt_table|Mux60~8                                               ; 0                 ; 0       ;
;      - ESM_Core:Core|ESM_Core_IDA:IDA|IRT:irt_table|Mux20~4                                               ; 0                 ; 0       ;
;      - ESM_Core:Core|ESM_Core_IDA:IDA|IRT:irt_table|Mux20~5                                               ; 0                 ; 0       ;
;      - ESM_Core:Core|ESM_Core_IDA:IDA|IRT:irt_table|Mux20~6                                               ; 0                 ; 0       ;
;      - ESM_Core:Core|ESM_Core_IDA:IDA|IRT:irt_table|Mux20~7                                               ; 0                 ; 0       ;
;      - ESM_Core:Core|ESM_Core_IDA:IDA|IRT:irt_table|Mux20~8                                               ; 0                 ; 0       ;
;      - ESM_Core:Core|ESM_Core_IDA:IDA|IRT:irt_table|ShiftLeft0~0                                          ; 0                 ; 0       ;
;      - ESM_Core:Core|ESM_Core_IDA:IDA|IRT:irt_table|comb~1                                                ; 0                 ; 0       ;
;      - ESM_Core:Core|ESM_Core_IDA:IDA|IRT:irt_table|comb~3                                                ; 0                 ; 0       ;
;      - ESM_Core:Core|ESM_Core_IDA:IDA|IRT:irt_table|comb~4                                                ; 0                 ; 0       ;
;      - ESM_Core:Core|ESM_Core_IDA:IDA|IRT:irt_table|current_rs[8]                                         ; 0                 ; 0       ;
;      - ESM_Core:Core|ESM_Core_IDA:IDA|IRT:irt_table|current_rs[10]                                        ; 0                 ; 0       ;
;      - ESM_Core:Core|ESM_Core_IDA:IDA|IRT:irt_table|current_rs[12]                                        ; 0                 ; 0       ;
;      - ESM_Core:Core|ESM_Core_IDA:IDA|IRT:irt_table|current_rs[14]                                        ; 0                 ; 0       ;
;      - ESM_Core:Core|ESM_Core_IDA:IDA|IRT:irt_table|current_rs[4]                                         ; 0                 ; 0       ;
;      - ESM_Core:Core|ESM_Core_IDA:IDA|IRT:irt_table|current_rs[6]                                         ; 0                 ; 0       ;
;      - ESM_Core:Core|ESM_Core_IDA:IDA|IRT:irt_table|current_rs[2]                                         ; 0                 ; 0       ;
;      - InstructionBuffer:Buffer|altsyncram:Instr_buffer_rtl_0|altsyncram_03n1:auto_generated|ram_block1a0 ; 0                 ; 0       ;
; Instr_in[17]                                                                                              ;                   ;         ;
;      - ESM_Core:Core|ESM_Core_IDA:IDA|IRT:irt_table|comb~0                                                ; 1                 ; 0       ;
;      - ESM_Core:Core|ESM_Core_IDA:IDA|IRT:irt_table|Mux16~0                                               ; 1                 ; 0       ;
;      - ESM_Core:Core|ESM_Core_IDA:IDA|IRT:irt_table|Mux16~1                                               ; 1                 ; 0       ;
;      - ESM_Core:Core|ESM_Core_IDA:IDA|IRT:irt_table|Mux16~2                                               ; 1                 ; 0       ;
;      - ESM_Core:Core|ESM_Core_IDA:IDA|IRT:irt_table|Mux16~3                                               ; 1                 ; 0       ;
;      - ESM_Core:Core|ESM_Core_IDA:IDA|IRT:irt_table|Mux16~9                                               ; 1                 ; 0       ;
;      - ESM_Core:Core|ESM_Core_IDA:IDA|IRT:irt_table|Mux44~0                                               ; 1                 ; 0       ;
;      - ESM_Core:Core|ESM_Core_IDA:IDA|IRT:irt_table|Mux44~1                                               ; 1                 ; 0       ;
;      - ESM_Core:Core|ESM_Core_IDA:IDA|IRT:irt_table|Mux44~2                                               ; 1                 ; 0       ;
;      - ESM_Core:Core|ESM_Core_IDA:IDA|IRT:irt_table|Mux44~3                                               ; 1                 ; 0       ;
;      - ESM_Core:Core|ESM_Core_IDA:IDA|IRT:irt_table|Mux44~9                                               ; 1                 ; 0       ;
;      - ESM_Core:Core|ESM_Core_IDA:IDA|IRT:irt_table|Mux0~0                                                ; 1                 ; 0       ;
;      - ESM_Core:Core|ESM_Core_IDA:IDA|IRT:irt_table|Mux0~1                                                ; 1                 ; 0       ;
;      - ESM_Core:Core|ESM_Core_IDA:IDA|IRT:irt_table|Mux0~2                                                ; 1                 ; 0       ;
;      - ESM_Core:Core|ESM_Core_IDA:IDA|IRT:irt_table|Mux0~3                                                ; 1                 ; 0       ;
;      - ESM_Core:Core|ESM_Core_IDA:IDA|IRT:irt_table|Mux0~9                                                ; 1                 ; 0       ;
;      - ESM_Core:Core|ESM_Core_IDA:IDA|IRT:irt_table|Mux4~0                                                ; 1                 ; 0       ;
;      - ESM_Core:Core|ESM_Core_IDA:IDA|IRT:irt_table|Mux4~1                                                ; 1                 ; 0       ;
;      - ESM_Core:Core|ESM_Core_IDA:IDA|IRT:irt_table|Mux4~2                                                ; 1                 ; 0       ;
;      - ESM_Core:Core|ESM_Core_IDA:IDA|IRT:irt_table|Mux4~3                                                ; 1                 ; 0       ;
;      - ESM_Core:Core|ESM_Core_IDA:IDA|IRT:irt_table|Mux4~9                                                ; 1                 ; 0       ;
;      - ESM_Core:Core|ESM_Core_IDA:IDA|IRT:irt_table|Mux8~0                                                ; 1                 ; 0       ;
;      - ESM_Core:Core|ESM_Core_IDA:IDA|IRT:irt_table|Mux8~1                                                ; 1                 ; 0       ;
;      - ESM_Core:Core|ESM_Core_IDA:IDA|IRT:irt_table|Mux8~2                                                ; 1                 ; 0       ;
;      - ESM_Core:Core|ESM_Core_IDA:IDA|IRT:irt_table|Mux8~3                                                ; 1                 ; 0       ;
;      - ESM_Core:Core|ESM_Core_IDA:IDA|IRT:irt_table|Mux8~9                                                ; 1                 ; 0       ;
;      - ESM_Core:Core|ESM_Core_IDA:IDA|IRT:irt_table|Mux12~0                                               ; 1                 ; 0       ;
;      - ESM_Core:Core|ESM_Core_IDA:IDA|IRT:irt_table|Mux12~1                                               ; 1                 ; 0       ;
;      - ESM_Core:Core|ESM_Core_IDA:IDA|IRT:irt_table|Mux12~2                                               ; 1                 ; 0       ;
;      - ESM_Core:Core|ESM_Core_IDA:IDA|IRT:irt_table|Mux12~3                                               ; 1                 ; 0       ;
;      - ESM_Core:Core|ESM_Core_IDA:IDA|IRT:irt_table|Mux12~9                                               ; 1                 ; 0       ;
;      - ESM_Core:Core|ESM_Core_IDA:IDA|IRT:irt_table|Mux24~0                                               ; 1                 ; 0       ;
;      - ESM_Core:Core|ESM_Core_IDA:IDA|IRT:irt_table|Mux24~1                                               ; 1                 ; 0       ;
;      - ESM_Core:Core|ESM_Core_IDA:IDA|IRT:irt_table|Mux24~2                                               ; 1                 ; 0       ;
;      - ESM_Core:Core|ESM_Core_IDA:IDA|IRT:irt_table|Mux24~3                                               ; 1                 ; 0       ;
;      - ESM_Core:Core|ESM_Core_IDA:IDA|IRT:irt_table|Mux24~9                                               ; 1                 ; 0       ;
;      - ESM_Core:Core|ESM_Core_IDA:IDA|IRT:irt_table|Mux28~0                                               ; 1                 ; 0       ;
;      - ESM_Core:Core|ESM_Core_IDA:IDA|IRT:irt_table|Mux28~1                                               ; 1                 ; 0       ;
;      - ESM_Core:Core|ESM_Core_IDA:IDA|IRT:irt_table|Mux28~2                                               ; 1                 ; 0       ;
;      - ESM_Core:Core|ESM_Core_IDA:IDA|IRT:irt_table|Mux28~3                                               ; 1                 ; 0       ;
;      - ESM_Core:Core|ESM_Core_IDA:IDA|IRT:irt_table|Mux28~9                                               ; 1                 ; 0       ;
;      - ESM_Core:Core|ESM_Core_IDA:IDA|IRT:irt_table|Mux32~0                                               ; 1                 ; 0       ;
;      - ESM_Core:Core|ESM_Core_IDA:IDA|IRT:irt_table|Mux32~1                                               ; 1                 ; 0       ;
;      - ESM_Core:Core|ESM_Core_IDA:IDA|IRT:irt_table|Mux32~2                                               ; 1                 ; 0       ;
;      - ESM_Core:Core|ESM_Core_IDA:IDA|IRT:irt_table|Mux32~3                                               ; 1                 ; 0       ;
;      - ESM_Core:Core|ESM_Core_IDA:IDA|IRT:irt_table|Mux32~9                                               ; 1                 ; 0       ;
;      - ESM_Core:Core|ESM_Core_IDA:IDA|IRT:irt_table|Mux36~0                                               ; 1                 ; 0       ;
;      - ESM_Core:Core|ESM_Core_IDA:IDA|IRT:irt_table|Mux36~1                                               ; 1                 ; 0       ;
;      - ESM_Core:Core|ESM_Core_IDA:IDA|IRT:irt_table|Mux36~2                                               ; 1                 ; 0       ;
;      - ESM_Core:Core|ESM_Core_IDA:IDA|IRT:irt_table|Mux36~3                                               ; 1                 ; 0       ;
;      - ESM_Core:Core|ESM_Core_IDA:IDA|IRT:irt_table|Mux36~9                                               ; 1                 ; 0       ;
;      - ESM_Core:Core|ESM_Core_IDA:IDA|IRT:irt_table|Mux40~0                                               ; 1                 ; 0       ;
;      - ESM_Core:Core|ESM_Core_IDA:IDA|IRT:irt_table|Mux40~1                                               ; 1                 ; 0       ;
;      - ESM_Core:Core|ESM_Core_IDA:IDA|IRT:irt_table|Mux40~2                                               ; 1                 ; 0       ;
;      - ESM_Core:Core|ESM_Core_IDA:IDA|IRT:irt_table|Mux40~3                                               ; 1                 ; 0       ;
;      - ESM_Core:Core|ESM_Core_IDA:IDA|IRT:irt_table|Mux40~9                                               ; 1                 ; 0       ;
;      - ESM_Core:Core|ESM_Core_IDA:IDA|IRT:irt_table|Mux48~0                                               ; 1                 ; 0       ;
;      - ESM_Core:Core|ESM_Core_IDA:IDA|IRT:irt_table|Mux48~1                                               ; 1                 ; 0       ;
;      - ESM_Core:Core|ESM_Core_IDA:IDA|IRT:irt_table|Mux48~2                                               ; 1                 ; 0       ;
;      - ESM_Core:Core|ESM_Core_IDA:IDA|IRT:irt_table|Mux48~3                                               ; 1                 ; 0       ;
;      - ESM_Core:Core|ESM_Core_IDA:IDA|IRT:irt_table|Mux48~9                                               ; 1                 ; 0       ;
;      - ESM_Core:Core|ESM_Core_IDA:IDA|IRT:irt_table|Mux52~0                                               ; 1                 ; 0       ;
;      - ESM_Core:Core|ESM_Core_IDA:IDA|IRT:irt_table|Mux52~1                                               ; 1                 ; 0       ;
;      - ESM_Core:Core|ESM_Core_IDA:IDA|IRT:irt_table|Mux52~2                                               ; 1                 ; 0       ;
;      - ESM_Core:Core|ESM_Core_IDA:IDA|IRT:irt_table|Mux52~3                                               ; 1                 ; 0       ;
;      - ESM_Core:Core|ESM_Core_IDA:IDA|IRT:irt_table|Mux52~9                                               ; 1                 ; 0       ;
;      - ESM_Core:Core|ESM_Core_IDA:IDA|IRT:irt_table|Mux56~0                                               ; 1                 ; 0       ;
;      - ESM_Core:Core|ESM_Core_IDA:IDA|IRT:irt_table|Mux56~1                                               ; 1                 ; 0       ;
;      - ESM_Core:Core|ESM_Core_IDA:IDA|IRT:irt_table|Mux56~2                                               ; 1                 ; 0       ;
;      - ESM_Core:Core|ESM_Core_IDA:IDA|IRT:irt_table|Mux56~3                                               ; 1                 ; 0       ;
;      - ESM_Core:Core|ESM_Core_IDA:IDA|IRT:irt_table|Mux56~9                                               ; 1                 ; 0       ;
;      - ESM_Core:Core|ESM_Core_IDA:IDA|IRT:irt_table|Mux60~0                                               ; 1                 ; 0       ;
;      - ESM_Core:Core|ESM_Core_IDA:IDA|IRT:irt_table|Mux60~1                                               ; 1                 ; 0       ;
;      - ESM_Core:Core|ESM_Core_IDA:IDA|IRT:irt_table|Mux60~2                                               ; 1                 ; 0       ;
;      - ESM_Core:Core|ESM_Core_IDA:IDA|IRT:irt_table|Mux60~3                                               ; 1                 ; 0       ;
;      - ESM_Core:Core|ESM_Core_IDA:IDA|IRT:irt_table|Mux60~9                                               ; 1                 ; 0       ;
;      - ESM_Core:Core|ESM_Core_IDA:IDA|IRT:irt_table|Mux20~0                                               ; 1                 ; 0       ;
;      - ESM_Core:Core|ESM_Core_IDA:IDA|IRT:irt_table|Mux20~1                                               ; 1                 ; 0       ;
;      - ESM_Core:Core|ESM_Core_IDA:IDA|IRT:irt_table|Mux20~2                                               ; 1                 ; 0       ;
;      - ESM_Core:Core|ESM_Core_IDA:IDA|IRT:irt_table|Mux20~3                                               ; 1                 ; 0       ;
;      - ESM_Core:Core|ESM_Core_IDA:IDA|IRT:irt_table|Mux20~9                                               ; 1                 ; 0       ;
;      - ESM_Core:Core|ESM_Core_IDA:IDA|IRT:irt_table|current_rs[16]                                        ; 1                 ; 0       ;
;      - ESM_Core:Core|ESM_Core_IDA:IDA|IRT:irt_table|ShiftLeft0~1                                          ; 1                 ; 0       ;
;      - ESM_Core:Core|ESM_Core_IDA:IDA|IRT:irt_table|current_rs[24]                                        ; 1                 ; 0       ;
;      - ESM_Core:Core|ESM_Core_IDA:IDA|IRT:irt_table|ShiftLeft0~2                                          ; 1                 ; 0       ;
;      - ESM_Core:Core|ESM_Core_IDA:IDA|IRT:irt_table|current_rs[17]                                        ; 1                 ; 0       ;
;      - ESM_Core:Core|ESM_Core_IDA:IDA|IRT:irt_table|current_rs[25]                                        ; 1                 ; 0       ;
;      - ESM_Core:Core|ESM_Core_IDA:IDA|IRT:irt_table|current_rs[18]                                        ; 1                 ; 0       ;
;      - ESM_Core:Core|ESM_Core_IDA:IDA|IRT:irt_table|current_rs[26]                                        ; 1                 ; 0       ;
;      - ESM_Core:Core|ESM_Core_IDA:IDA|IRT:irt_table|current_rs[19]                                        ; 1                 ; 0       ;
;      - ESM_Core:Core|ESM_Core_IDA:IDA|IRT:irt_table|current_rs[27]                                        ; 1                 ; 0       ;
;      - ESM_Core:Core|ESM_Core_IDA:IDA|IRT:irt_table|ShiftLeft0~3                                          ; 1                 ; 0       ;
;      - ESM_Core:Core|ESM_Core_IDA:IDA|IRT:irt_table|comb~7                                                ; 1                 ; 0       ;
;      - InstructionBuffer:Buffer|altsyncram:Instr_buffer_rtl_0|altsyncram_03n1:auto_generated|ram_block1a0 ; 1                 ; 0       ;
; Instr_in[18]                                                                                              ;                   ;         ;
;      - ESM_Core:Core|ESM_Core_IDA:IDA|IRT:irt_table|comb~0                                                ; 0                 ; 0       ;
;      - ESM_Core:Core|ESM_Core_IDA:IDA|IRT:irt_table|Mux16~0                                               ; 0                 ; 0       ;
;      - ESM_Core:Core|ESM_Core_IDA:IDA|IRT:irt_table|Mux16~1                                               ; 0                 ; 0       ;
;      - ESM_Core:Core|ESM_Core_IDA:IDA|IRT:irt_table|Mux16~2                                               ; 0                 ; 0       ;
;      - ESM_Core:Core|ESM_Core_IDA:IDA|IRT:irt_table|Mux16~3                                               ; 0                 ; 0       ;
;      - ESM_Core:Core|ESM_Core_IDA:IDA|IRT:irt_table|Mux16~9                                               ; 0                 ; 0       ;
;      - ESM_Core:Core|ESM_Core_IDA:IDA|IRT:irt_table|Mux44~0                                               ; 0                 ; 0       ;
;      - ESM_Core:Core|ESM_Core_IDA:IDA|IRT:irt_table|Mux44~1                                               ; 0                 ; 0       ;
;      - ESM_Core:Core|ESM_Core_IDA:IDA|IRT:irt_table|Mux44~2                                               ; 0                 ; 0       ;
;      - ESM_Core:Core|ESM_Core_IDA:IDA|IRT:irt_table|Mux44~3                                               ; 0                 ; 0       ;
;      - ESM_Core:Core|ESM_Core_IDA:IDA|IRT:irt_table|Mux44~9                                               ; 0                 ; 0       ;
;      - ESM_Core:Core|ESM_Core_IDA:IDA|IRT:irt_table|Mux0~0                                                ; 0                 ; 0       ;
;      - ESM_Core:Core|ESM_Core_IDA:IDA|IRT:irt_table|Mux0~1                                                ; 0                 ; 0       ;
;      - ESM_Core:Core|ESM_Core_IDA:IDA|IRT:irt_table|Mux0~2                                                ; 0                 ; 0       ;
;      - ESM_Core:Core|ESM_Core_IDA:IDA|IRT:irt_table|Mux0~3                                                ; 0                 ; 0       ;
;      - ESM_Core:Core|ESM_Core_IDA:IDA|IRT:irt_table|Mux0~9                                                ; 0                 ; 0       ;
;      - ESM_Core:Core|ESM_Core_IDA:IDA|IRT:irt_table|Mux4~0                                                ; 0                 ; 0       ;
;      - ESM_Core:Core|ESM_Core_IDA:IDA|IRT:irt_table|Mux4~1                                                ; 0                 ; 0       ;
;      - ESM_Core:Core|ESM_Core_IDA:IDA|IRT:irt_table|Mux4~2                                                ; 0                 ; 0       ;
;      - ESM_Core:Core|ESM_Core_IDA:IDA|IRT:irt_table|Mux4~3                                                ; 0                 ; 0       ;
;      - ESM_Core:Core|ESM_Core_IDA:IDA|IRT:irt_table|Mux4~9                                                ; 0                 ; 0       ;
;      - ESM_Core:Core|ESM_Core_IDA:IDA|IRT:irt_table|Mux8~0                                                ; 0                 ; 0       ;
;      - ESM_Core:Core|ESM_Core_IDA:IDA|IRT:irt_table|Mux8~1                                                ; 0                 ; 0       ;
;      - ESM_Core:Core|ESM_Core_IDA:IDA|IRT:irt_table|Mux8~2                                                ; 0                 ; 0       ;
;      - ESM_Core:Core|ESM_Core_IDA:IDA|IRT:irt_table|Mux8~3                                                ; 0                 ; 0       ;
;      - ESM_Core:Core|ESM_Core_IDA:IDA|IRT:irt_table|Mux8~9                                                ; 0                 ; 0       ;
;      - ESM_Core:Core|ESM_Core_IDA:IDA|IRT:irt_table|Mux12~0                                               ; 0                 ; 0       ;
;      - ESM_Core:Core|ESM_Core_IDA:IDA|IRT:irt_table|Mux12~1                                               ; 0                 ; 0       ;
;      - ESM_Core:Core|ESM_Core_IDA:IDA|IRT:irt_table|Mux12~2                                               ; 0                 ; 0       ;
;      - ESM_Core:Core|ESM_Core_IDA:IDA|IRT:irt_table|Mux12~3                                               ; 0                 ; 0       ;
;      - ESM_Core:Core|ESM_Core_IDA:IDA|IRT:irt_table|Mux12~9                                               ; 0                 ; 0       ;
;      - ESM_Core:Core|ESM_Core_IDA:IDA|IRT:irt_table|Mux24~0                                               ; 0                 ; 0       ;
;      - ESM_Core:Core|ESM_Core_IDA:IDA|IRT:irt_table|Mux24~1                                               ; 0                 ; 0       ;
;      - ESM_Core:Core|ESM_Core_IDA:IDA|IRT:irt_table|Mux24~2                                               ; 0                 ; 0       ;
;      - ESM_Core:Core|ESM_Core_IDA:IDA|IRT:irt_table|Mux24~3                                               ; 0                 ; 0       ;
;      - ESM_Core:Core|ESM_Core_IDA:IDA|IRT:irt_table|Mux24~9                                               ; 0                 ; 0       ;
;      - ESM_Core:Core|ESM_Core_IDA:IDA|IRT:irt_table|Mux28~0                                               ; 0                 ; 0       ;
;      - ESM_Core:Core|ESM_Core_IDA:IDA|IRT:irt_table|Mux28~1                                               ; 0                 ; 0       ;
;      - ESM_Core:Core|ESM_Core_IDA:IDA|IRT:irt_table|Mux28~2                                               ; 0                 ; 0       ;
;      - ESM_Core:Core|ESM_Core_IDA:IDA|IRT:irt_table|Mux28~3                                               ; 0                 ; 0       ;
;      - ESM_Core:Core|ESM_Core_IDA:IDA|IRT:irt_table|Mux28~9                                               ; 0                 ; 0       ;
;      - ESM_Core:Core|ESM_Core_IDA:IDA|IRT:irt_table|Mux32~0                                               ; 0                 ; 0       ;
;      - ESM_Core:Core|ESM_Core_IDA:IDA|IRT:irt_table|Mux32~1                                               ; 0                 ; 0       ;
;      - ESM_Core:Core|ESM_Core_IDA:IDA|IRT:irt_table|Mux32~2                                               ; 0                 ; 0       ;
;      - ESM_Core:Core|ESM_Core_IDA:IDA|IRT:irt_table|Mux32~3                                               ; 0                 ; 0       ;
;      - ESM_Core:Core|ESM_Core_IDA:IDA|IRT:irt_table|Mux32~9                                               ; 0                 ; 0       ;
;      - ESM_Core:Core|ESM_Core_IDA:IDA|IRT:irt_table|Mux36~0                                               ; 0                 ; 0       ;
;      - ESM_Core:Core|ESM_Core_IDA:IDA|IRT:irt_table|Mux36~1                                               ; 0                 ; 0       ;
;      - ESM_Core:Core|ESM_Core_IDA:IDA|IRT:irt_table|Mux36~2                                               ; 0                 ; 0       ;
;      - ESM_Core:Core|ESM_Core_IDA:IDA|IRT:irt_table|Mux36~3                                               ; 0                 ; 0       ;
;      - ESM_Core:Core|ESM_Core_IDA:IDA|IRT:irt_table|Mux36~9                                               ; 0                 ; 0       ;
;      - ESM_Core:Core|ESM_Core_IDA:IDA|IRT:irt_table|Mux40~0                                               ; 0                 ; 0       ;
;      - ESM_Core:Core|ESM_Core_IDA:IDA|IRT:irt_table|Mux40~1                                               ; 0                 ; 0       ;
;      - ESM_Core:Core|ESM_Core_IDA:IDA|IRT:irt_table|Mux40~2                                               ; 0                 ; 0       ;
;      - ESM_Core:Core|ESM_Core_IDA:IDA|IRT:irt_table|Mux40~3                                               ; 0                 ; 0       ;
;      - ESM_Core:Core|ESM_Core_IDA:IDA|IRT:irt_table|Mux40~9                                               ; 0                 ; 0       ;
;      - ESM_Core:Core|ESM_Core_IDA:IDA|IRT:irt_table|Mux48~0                                               ; 0                 ; 0       ;
;      - ESM_Core:Core|ESM_Core_IDA:IDA|IRT:irt_table|Mux48~1                                               ; 0                 ; 0       ;
;      - ESM_Core:Core|ESM_Core_IDA:IDA|IRT:irt_table|Mux48~2                                               ; 0                 ; 0       ;
;      - ESM_Core:Core|ESM_Core_IDA:IDA|IRT:irt_table|Mux48~3                                               ; 0                 ; 0       ;
;      - ESM_Core:Core|ESM_Core_IDA:IDA|IRT:irt_table|Mux48~9                                               ; 0                 ; 0       ;
;      - ESM_Core:Core|ESM_Core_IDA:IDA|IRT:irt_table|Mux52~0                                               ; 0                 ; 0       ;
;      - ESM_Core:Core|ESM_Core_IDA:IDA|IRT:irt_table|Mux52~1                                               ; 0                 ; 0       ;
;      - ESM_Core:Core|ESM_Core_IDA:IDA|IRT:irt_table|Mux52~2                                               ; 0                 ; 0       ;
;      - ESM_Core:Core|ESM_Core_IDA:IDA|IRT:irt_table|Mux52~3                                               ; 0                 ; 0       ;
;      - ESM_Core:Core|ESM_Core_IDA:IDA|IRT:irt_table|Mux52~9                                               ; 0                 ; 0       ;
;      - ESM_Core:Core|ESM_Core_IDA:IDA|IRT:irt_table|Mux56~0                                               ; 0                 ; 0       ;
;      - ESM_Core:Core|ESM_Core_IDA:IDA|IRT:irt_table|Mux56~1                                               ; 0                 ; 0       ;
;      - ESM_Core:Core|ESM_Core_IDA:IDA|IRT:irt_table|Mux56~2                                               ; 0                 ; 0       ;
;      - ESM_Core:Core|ESM_Core_IDA:IDA|IRT:irt_table|Mux56~3                                               ; 0                 ; 0       ;
;      - ESM_Core:Core|ESM_Core_IDA:IDA|IRT:irt_table|Mux56~9                                               ; 0                 ; 0       ;
;      - ESM_Core:Core|ESM_Core_IDA:IDA|IRT:irt_table|Mux60~0                                               ; 0                 ; 0       ;
;      - ESM_Core:Core|ESM_Core_IDA:IDA|IRT:irt_table|Mux60~1                                               ; 0                 ; 0       ;
;      - ESM_Core:Core|ESM_Core_IDA:IDA|IRT:irt_table|Mux60~2                                               ; 0                 ; 0       ;
;      - ESM_Core:Core|ESM_Core_IDA:IDA|IRT:irt_table|Mux60~3                                               ; 0                 ; 0       ;
;      - ESM_Core:Core|ESM_Core_IDA:IDA|IRT:irt_table|Mux60~9                                               ; 0                 ; 0       ;
;      - ESM_Core:Core|ESM_Core_IDA:IDA|IRT:irt_table|Mux20~0                                               ; 0                 ; 0       ;
;      - ESM_Core:Core|ESM_Core_IDA:IDA|IRT:irt_table|Mux20~1                                               ; 0                 ; 0       ;
;      - ESM_Core:Core|ESM_Core_IDA:IDA|IRT:irt_table|Mux20~2                                               ; 0                 ; 0       ;
;      - ESM_Core:Core|ESM_Core_IDA:IDA|IRT:irt_table|Mux20~3                                               ; 0                 ; 0       ;
;      - ESM_Core:Core|ESM_Core_IDA:IDA|IRT:irt_table|Mux20~9                                               ; 0                 ; 0       ;
;      - ESM_Core:Core|ESM_Core_IDA:IDA|IRT:irt_table|current_rs[16]                                        ; 0                 ; 0       ;
;      - ESM_Core:Core|ESM_Core_IDA:IDA|IRT:irt_table|ShiftLeft0~1                                          ; 0                 ; 0       ;
;      - ESM_Core:Core|ESM_Core_IDA:IDA|IRT:irt_table|current_rs[24]                                        ; 0                 ; 0       ;
;      - ESM_Core:Core|ESM_Core_IDA:IDA|IRT:irt_table|ShiftLeft0~2                                          ; 0                 ; 0       ;
;      - ESM_Core:Core|ESM_Core_IDA:IDA|IRT:irt_table|current_rs[17]                                        ; 0                 ; 0       ;
;      - ESM_Core:Core|ESM_Core_IDA:IDA|IRT:irt_table|current_rs[25]                                        ; 0                 ; 0       ;
;      - ESM_Core:Core|ESM_Core_IDA:IDA|IRT:irt_table|current_rs[18]                                        ; 0                 ; 0       ;
;      - ESM_Core:Core|ESM_Core_IDA:IDA|IRT:irt_table|current_rs[26]                                        ; 0                 ; 0       ;
;      - ESM_Core:Core|ESM_Core_IDA:IDA|IRT:irt_table|current_rs[19]                                        ; 0                 ; 0       ;
;      - ESM_Core:Core|ESM_Core_IDA:IDA|IRT:irt_table|current_rs[27]                                        ; 0                 ; 0       ;
;      - ESM_Core:Core|ESM_Core_IDA:IDA|IRT:irt_table|ShiftLeft0~3                                          ; 0                 ; 0       ;
;      - ESM_Core:Core|ESM_Core_IDA:IDA|IRT:irt_table|comb~7                                                ; 0                 ; 0       ;
;      - InstructionBuffer:Buffer|altsyncram:Instr_buffer_rtl_0|altsyncram_03n1:auto_generated|ram_block1a0 ; 0                 ; 0       ;
; Instr_in[19]                                                                                              ;                   ;         ;
;      - WideOr0~1                                                                                          ; 1                 ; 0       ;
;      - ESM_Core:Core|ESM_Core_IDA:IDA|IRT:irt_table|current_dept[4]~0                                     ; 1                 ; 0       ;
;      - ESM_Core:Core|ESM_Core_IDA:IDA|IRT:irt_table|current_dept[11]~8                                    ; 1                 ; 0       ;
;      - ESM_Core:Core|ESM_Core_IDA:IDA|IRT:irt_table|current_dept[0]~16                                    ; 1                 ; 0       ;
;      - ESM_Core:Core|ESM_Core_IDA:IDA|IRT:irt_table|current_dept[1]~23                                    ; 1                 ; 0       ;
;      - ESM_Core:Core|ESM_Core_IDA:IDA|IRT:irt_table|current_dept[2]~31                                    ; 1                 ; 0       ;
;      - ESM_Core:Core|ESM_Core_IDA:IDA|IRT:irt_table|current_dept[3]~39                                    ; 1                 ; 0       ;
;      - ESM_Core:Core|ESM_Core_IDA:IDA|IRT:irt_table|current_dept[6]~47                                    ; 1                 ; 0       ;
;      - ESM_Core:Core|ESM_Core_IDA:IDA|IRT:irt_table|current_dept[7]~55                                    ; 1                 ; 0       ;
;      - ESM_Core:Core|ESM_Core_IDA:IDA|IRT:irt_table|current_dept[8]~63                                    ; 1                 ; 0       ;
;      - ESM_Core:Core|ESM_Core_IDA:IDA|IRT:irt_table|current_dept[9]~71                                    ; 1                 ; 0       ;
;      - ESM_Core:Core|ESM_Core_IDA:IDA|IRT:irt_table|current_dept[10]~79                                   ; 1                 ; 0       ;
;      - ESM_Core:Core|ESM_Core_IDA:IDA|IRT:irt_table|current_dept[12]~87                                   ; 1                 ; 0       ;
;      - ESM_Core:Core|ESM_Core_IDA:IDA|IRT:irt_table|current_dept[13]~95                                   ; 1                 ; 0       ;
;      - ESM_Core:Core|ESM_Core_IDA:IDA|IRT:irt_table|current_dept[14]~103                                  ; 1                 ; 0       ;
;      - ESM_Core:Core|ESM_Core_IDA:IDA|IRT:irt_table|current_dept[15]~111                                  ; 1                 ; 0       ;
;      - ESM_Core:Core|ESM_Core_IDA:IDA|IRT:irt_table|current_dept[5]~119                                   ; 1                 ; 0       ;
;      - ESM_Core:Core|ESM_Core_IDA:IDA|IRT:irt_table|ShiftLeft0~0                                          ; 1                 ; 0       ;
;      - ESM_Core:Core|ESM_Core_IDA:IDA|IRT:irt_table|comb~2                                                ; 1                 ; 0       ;
;      - ESM_Core:Core|ESM_Core_IDA:IDA|IRT:irt_table|comb~3                                                ; 1                 ; 0       ;
;      - ESM_Core:Core|ESM_Core_IDA:IDA|IRT:irt_table|comb~5                                                ; 1                 ; 0       ;
;      - ESM_Core:Core|ESM_Core_IDA:IDA|IRT:irt_table|ShiftLeft0~3                                          ; 1                 ; 0       ;
;      - ESM_Core:Core|ESM_Core_IDA:IDA|IRT:irt_table|ShiftLeft0~4                                          ; 1                 ; 0       ;
;      - ESM_Core:Core|ESM_Core_IDA:IDA|IRT:irt_table|ShiftLeft0~5                                          ; 1                 ; 0       ;
;      - ESM_Core:Core|ESM_Core_IDA:IDA|IRT:irt_table|comb~7                                                ; 1                 ; 0       ;
;      - InstructionBuffer:Buffer|altsyncram:Instr_buffer_rtl_0|altsyncram_03n1:auto_generated|ram_block1a0 ; 1                 ; 0       ;
; Instr_in[20]                                                                                              ;                   ;         ;
;      - ESM_Core:Core|ESM_Core_IDA:IDA|IRT:irt_table|ShiftLeft1~0                                          ; 0                 ; 0       ;
;      - ESM_Core:Core|ESM_Core_IDA:IDA|rs2[0]~3                                                            ; 0                 ; 0       ;
;      - ESM_Core:Core|ESM_Core_IDA:IDA|IRT:irt_table|ShiftLeft1~1                                          ; 0                 ; 0       ;
;      - ESM_Core:Core|ESM_Core_IDA:IDA|IRT:irt_table|ShiftLeft1~2                                          ; 0                 ; 0       ;
;      - ESM_Core:Core|ESM_Core_IDA:IDA|IRT:irt_table|ShiftLeft1~8                                          ; 0                 ; 0       ;
;      - ESM_Core:Core|ESM_Core_IDA:IDA|IRT:irt_table|ShiftLeft1~11                                         ; 0                 ; 0       ;
;      - InstructionBuffer:Buffer|altsyncram:Instr_buffer_rtl_0|altsyncram_03n1:auto_generated|ram_block1a0 ; 0                 ; 0       ;
; Instr_in[21]                                                                                              ;                   ;         ;
;      - ESM_Core:Core|ESM_Core_IDA:IDA|IRT:irt_table|ShiftLeft1~0                                          ; 0                 ; 0       ;
;      - ESM_Core:Core|ESM_Core_IDA:IDA|rs2[1]~4                                                            ; 0                 ; 0       ;
;      - ESM_Core:Core|ESM_Core_IDA:IDA|IRT:irt_table|ShiftLeft1~1                                          ; 0                 ; 0       ;
;      - ESM_Core:Core|ESM_Core_IDA:IDA|IRT:irt_table|ShiftLeft1~2                                          ; 0                 ; 0       ;
;      - ESM_Core:Core|ESM_Core_IDA:IDA|IRT:irt_table|ShiftLeft1~7                                          ; 0                 ; 0       ;
;      - ESM_Core:Core|ESM_Core_IDA:IDA|IRT:irt_table|ShiftLeft1~8                                          ; 0                 ; 0       ;
;      - ESM_Core:Core|ESM_Core_IDA:IDA|IRT:irt_table|current_rs[11]                                        ; 0                 ; 0       ;
;      - ESM_Core:Core|ESM_Core_IDA:IDA|IRT:irt_table|ShiftLeft1~11                                         ; 0                 ; 0       ;
;      - ESM_Core:Core|ESM_Core_IDA:IDA|IRT:irt_table|current_rs[15]                                        ; 0                 ; 0       ;
;      - ESM_Core:Core|ESM_Core_IDA:IDA|IRT:irt_table|current_rs[7]                                         ; 0                 ; 0       ;
;      - ESM_Core:Core|ESM_Core_IDA:IDA|IRT:irt_table|current_rs[3]                                         ; 0                 ; 0       ;
;      - InstructionBuffer:Buffer|altsyncram:Instr_buffer_rtl_0|altsyncram_03n1:auto_generated|ram_block1a0 ; 0                 ; 0       ;
; Instr_in[22]                                                                                              ;                   ;         ;
;      - ESM_Core:Core|ESM_Core_IDA:IDA|IRT:irt_table|ShiftLeft1~0                                          ; 1                 ; 0       ;
;      - ESM_Core:Core|ESM_Core_IDA:IDA|rs2[2]~1                                                            ; 1                 ; 0       ;
;      - ESM_Core:Core|ESM_Core_IDA:IDA|IRT:irt_table|ShiftLeft1~1                                          ; 1                 ; 0       ;
;      - ESM_Core:Core|ESM_Core_IDA:IDA|IRT:irt_table|ShiftLeft1~3                                          ; 1                 ; 0       ;
;      - ESM_Core:Core|ESM_Core_IDA:IDA|IRT:irt_table|current_rs[21]                                        ; 1                 ; 0       ;
;      - ESM_Core:Core|ESM_Core_IDA:IDA|IRT:irt_table|current_rs[29]                                        ; 1                 ; 0       ;
;      - ESM_Core:Core|ESM_Core_IDA:IDA|IRT:irt_table|current_rs[22]                                        ; 1                 ; 0       ;
;      - ESM_Core:Core|ESM_Core_IDA:IDA|IRT:irt_table|current_rs[30]                                        ; 1                 ; 0       ;
;      - ESM_Core:Core|ESM_Core_IDA:IDA|IRT:irt_table|current_rs[23]                                        ; 1                 ; 0       ;
;      - ESM_Core:Core|ESM_Core_IDA:IDA|IRT:irt_table|current_rs[31]                                        ; 1                 ; 0       ;
;      - ESM_Core:Core|ESM_Core_IDA:IDA|IRT:irt_table|ShiftLeft1~11                                         ; 1                 ; 0       ;
;      - ESM_Core:Core|ESM_Core_IDA:IDA|IRT:irt_table|ShiftLeft1~12                                         ; 1                 ; 0       ;
;      - ESM_Core:Core|ESM_Core_IDA:IDA|IRT:irt_table|current_rs[14]                                        ; 1                 ; 0       ;
;      - ESM_Core:Core|ESM_Core_IDA:IDA|IRT:irt_table|current_rs[6]                                         ; 1                 ; 0       ;
;      - InstructionBuffer:Buffer|altsyncram:Instr_buffer_rtl_0|altsyncram_03n1:auto_generated|ram_block1a0 ; 1                 ; 0       ;
; Instr_in[23]                                                                                              ;                   ;         ;
;      - ESM_Core:Core|ESM_Core_IDA:IDA|IRT:irt_table|ShiftLeft1~0                                          ; 1                 ; 0       ;
;      - ESM_Core:Core|ESM_Core_IDA:IDA|rs2[3]~2                                                            ; 1                 ; 0       ;
;      - ESM_Core:Core|ESM_Core_IDA:IDA|IRT:irt_table|current_rs[28]                                        ; 1                 ; 0       ;
;      - ESM_Core:Core|ESM_Core_IDA:IDA|IRT:irt_table|ShiftLeft1~3                                          ; 1                 ; 0       ;
;      - ESM_Core:Core|ESM_Core_IDA:IDA|IRT:irt_table|current_rs[29]                                        ; 1                 ; 0       ;
;      - ESM_Core:Core|ESM_Core_IDA:IDA|IRT:irt_table|current_rs[30]                                        ; 1                 ; 0       ;
;      - ESM_Core:Core|ESM_Core_IDA:IDA|IRT:irt_table|current_rs[31]                                        ; 1                 ; 0       ;
;      - ESM_Core:Core|ESM_Core_IDA:IDA|IRT:irt_table|current_rs[12]                                        ; 1                 ; 0       ;
;      - ESM_Core:Core|ESM_Core_IDA:IDA|IRT:irt_table|current_rs[13]                                        ; 1                 ; 0       ;
;      - ESM_Core:Core|ESM_Core_IDA:IDA|IRT:irt_table|current_rs[14]                                        ; 1                 ; 0       ;
;      - ESM_Core:Core|ESM_Core_IDA:IDA|IRT:irt_table|current_rs[15]                                        ; 1                 ; 0       ;
;      - InstructionBuffer:Buffer|altsyncram:Instr_buffer_rtl_0|altsyncram_03n1:auto_generated|ram_block1a0 ; 1                 ; 0       ;
; Instr_in[24]                                                                                              ;                   ;         ;
;      - WideOr0~0                                                                                          ; 0                 ; 0       ;
;      - ESM_Core:Core|ESM_Core_IDA:IDA|rs2[4]~0                                                            ; 0                 ; 0       ;
;      - ESM_Core:Core|ESM_Core_IDA:IDA|IRT:irt_table|ShiftLeft1~1                                          ; 0                 ; 0       ;
;      - ESM_Core:Core|ESM_Core_IDA:IDA|IRT:irt_table|ShiftLeft1~2                                          ; 0                 ; 0       ;
;      - InstructionBuffer:Buffer|altsyncram:Instr_buffer_rtl_0|altsyncram_03n1:auto_generated|ram_block1a0 ; 0                 ; 0       ;
; Instr_in[25]                                                                                              ;                   ;         ;
;      - WideOr0~0                                                                                          ; 1                 ; 0       ;
;      - InstructionBuffer:Buffer|altsyncram:Instr_buffer_rtl_0|altsyncram_03n1:auto_generated|ram_block1a0 ; 1                 ; 0       ;
; Instr_in[26]                                                                                              ;                   ;         ;
;      - WideOr0~0                                                                                          ; 1                 ; 0       ;
;      - InstructionBuffer:Buffer|altsyncram:Instr_buffer_rtl_0|altsyncram_03n1:auto_generated|ram_block1a0 ; 1                 ; 0       ;
; Instr_in[27]                                                                                              ;                   ;         ;
;      - WideOr0~0                                                                                          ; 1                 ; 0       ;
;      - InstructionBuffer:Buffer|altsyncram:Instr_buffer_rtl_0|altsyncram_03n1:auto_generated|ram_block1a0 ; 1                 ; 0       ;
; Instr_in[28]                                                                                              ;                   ;         ;
;      - WideOr0~0                                                                                          ; 1                 ; 0       ;
;      - InstructionBuffer:Buffer|altsyncram:Instr_buffer_rtl_0|altsyncram_03n1:auto_generated|ram_block1a0 ; 1                 ; 0       ;
; Instr_in[29]                                                                                              ;                   ;         ;
;      - WideOr0~0                                                                                          ; 0                 ; 0       ;
;      - InstructionBuffer:Buffer|altsyncram:Instr_buffer_rtl_0|altsyncram_03n1:auto_generated|ram_block1a0 ; 0                 ; 0       ;
; Instr_in[30]                                                                                              ;                   ;         ;
;      - WideOr0~3                                                                                          ; 1                 ; 0       ;
;      - InstructionBuffer:Buffer|altsyncram:Instr_buffer_rtl_0|altsyncram_03n1:auto_generated|ram_block1a0 ; 1                 ; 0       ;
; Instr_in[31]                                                                                              ;                   ;         ;
;      - WideOr0~3                                                                                          ; 0                 ; 0       ;
;      - InstructionBuffer:Buffer|altsyncram:Instr_buffer_rtl_0|altsyncram_03n1:auto_generated|ram_block1a0 ; 0                 ; 0       ;
; rst                                                                                                       ;                   ;         ;
;      - ESM_Core:Core|ESM_Core_IDA:IDA|IRT:irt_table|current_dept[4]~6                                     ; 1                 ; 0       ;
;      - ESM_Core:Core|ESM_Core_IDA:IDA|IRT:irt_table|current_dept[11]~14                                   ; 1                 ; 0       ;
;      - ESM_Core:Core|ESM_Core_IDA:IDA|IRT:irt_table|current_dept[0]~22                                    ; 1                 ; 0       ;
;      - ESM_Core:Core|ESM_Core_IDA:IDA|IRT:irt_table|current_dept[1]~29                                    ; 1                 ; 0       ;
;      - ESM_Core:Core|ESM_Core_IDA:IDA|IRT:irt_table|current_dept[2]~37                                    ; 1                 ; 0       ;
;      - ESM_Core:Core|ESM_Core_IDA:IDA|IRT:irt_table|current_dept[3]~45                                    ; 1                 ; 0       ;
;      - ESM_Core:Core|ESM_Core_IDA:IDA|IRT:irt_table|current_dept[6]~53                                    ; 1                 ; 0       ;
;      - ESM_Core:Core|ESM_Core_IDA:IDA|IRT:irt_table|current_dept[7]~61                                    ; 1                 ; 0       ;
;      - ESM_Core:Core|ESM_Core_IDA:IDA|IRT:irt_table|current_dept[8]~69                                    ; 1                 ; 0       ;
;      - ESM_Core:Core|ESM_Core_IDA:IDA|IRT:irt_table|current_dept[9]~77                                    ; 1                 ; 0       ;
;      - ESM_Core:Core|ESM_Core_IDA:IDA|IRT:irt_table|current_dept[10]~85                                   ; 1                 ; 0       ;
;      - ESM_Core:Core|ESM_Core_IDA:IDA|IRT:irt_table|current_dept[12]~93                                   ; 1                 ; 0       ;
;      - ESM_Core:Core|ESM_Core_IDA:IDA|IRT:irt_table|current_dept[13]~101                                  ; 1                 ; 0       ;
;      - ESM_Core:Core|ESM_Core_IDA:IDA|IRT:irt_table|current_dept[14]~109                                  ; 1                 ; 0       ;
;      - ESM_Core:Core|ESM_Core_IDA:IDA|IRT:irt_table|current_dept[15]~117                                  ; 1                 ; 0       ;
;      - ESM_Core:Core|ESM_Core_IDA:IDA|IRT:irt_table|current_dept[5]~125                                   ; 1                 ; 0       ;
; ALUSrc                                                                                                    ;                   ;         ;
;      - ESM_Core:Core|ESM_Core_IDA:IDA|rs2[4]~0                                                            ; 0                 ; 0       ;
;      - ESM_Core:Core|ESM_Core_IDA:IDA|rs2[2]~1                                                            ; 0                 ; 0       ;
;      - ESM_Core:Core|ESM_Core_IDA:IDA|rs2[3]~2                                                            ; 0                 ; 0       ;
;      - ESM_Core:Core|ESM_Core_IDA:IDA|rs2[0]~3                                                            ; 0                 ; 0       ;
;      - ESM_Core:Core|ESM_Core_IDA:IDA|rs2[1]~4                                                            ; 0                 ; 0       ;
;      - ESM_Core:Core|ESM_Core_IDA:IDA|IRT:irt_table|ShiftLeft1~1                                          ; 0                 ; 0       ;
;      - ESM_Core:Core|ESM_Core_IDA:IDA|IRT:irt_table|ShiftLeft1~2                                          ; 0                 ; 0       ;
;      - ESM_Core:Core|ESM_Core_IDA:IDA|IRT:irt_table|ShiftLeft1~3                                          ; 0                 ; 0       ;
;      - ESM_Core:Core|ESM_Core_IDA:IDA|IRT:irt_table|ShiftLeft1~8                                          ; 0                 ; 0       ;
;      - ESM_Core:Core|ESM_Core_IDA:IDA|IRT:irt_table|ShiftLeft1~11                                         ; 0                 ; 0       ;
; RegWrite                                                                                                  ;                   ;         ;
;      - ESM_Core:Core|ESM_Core_IDA:IDA|rd[2]~0                                                             ; 1                 ; 0       ;
;      - ESM_Core:Core|ESM_Core_IDA:IDA|rd[3]~1                                                             ; 1                 ; 0       ;
;      - ESM_Core:Core|ESM_Core_IDA:IDA|rd[4]~2                                                             ; 1                 ; 0       ;
;      - ESM_Core:Core|ESM_Core_IDA:IDA|rd[0]~3                                                             ; 1                 ; 0       ;
;      - ESM_Core:Core|ESM_Core_IDA:IDA|rd[1]~4                                                             ; 1                 ; 0       ;
;      - ESM_Core:Core|ESM_Core_IDA:IDA|IRT:irt_table|ShiftLeft2~0                                          ; 1                 ; 0       ;
;      - ESM_Core:Core|ESM_Core_IDA:IDA|IRT:irt_table|ShiftLeft2~1                                          ; 1                 ; 0       ;
+-----------------------------------------------------------------------------------------------------------+-------------------+---------+


+----------------------------------------------------------------------------------------------------------------------------------------------------------------------------------------------------+
; Control Signals                                                                                                                                                                                    ;
+---------------------------------------------------------------------+----------------------+---------+--------------+--------+----------------------+------------------+---------------------------+
; Name                                                                ; Location             ; Fan-Out ; Usage        ; Global ; Global Resource Used ; Global Line Name ; Enable Signal Source Name ;
+---------------------------------------------------------------------+----------------------+---------+--------------+--------+----------------------+------------------+---------------------------+
; ESM_Core:Core|ESM_Core_IIM:IIM|MappingTable:mapping_table|Equal0~0  ; LABCELL_X30_Y31_N57  ; 67      ; Clock enable ; no     ; --                   ; --               ; --                        ;
; ESM_Core:Core|ESM_Core_IIM:IIM|MappingTable:mapping_table|Equal0~1  ; LABCELL_X31_Y30_N18  ; 67      ; Clock enable ; no     ; --                   ; --               ; --                        ;
; ESM_Core:Core|ESM_Core_IIM:IIM|MappingTable:mapping_table|Equal0~10 ; LABCELL_X31_Y31_N27  ; 67      ; Clock enable ; no     ; --                   ; --               ; --                        ;
; ESM_Core:Core|ESM_Core_IIM:IIM|MappingTable:mapping_table|Equal0~11 ; LABCELL_X29_Y29_N48  ; 67      ; Clock enable ; no     ; --                   ; --               ; --                        ;
; ESM_Core:Core|ESM_Core_IIM:IIM|MappingTable:mapping_table|Equal0~12 ; LABCELL_X29_Y29_N57  ; 67      ; Clock enable ; no     ; --                   ; --               ; --                        ;
; ESM_Core:Core|ESM_Core_IIM:IIM|MappingTable:mapping_table|Equal0~13 ; LABCELL_X31_Y29_N36  ; 67      ; Clock enable ; no     ; --                   ; --               ; --                        ;
; ESM_Core:Core|ESM_Core_IIM:IIM|MappingTable:mapping_table|Equal0~14 ; LABCELL_X31_Y29_N51  ; 67      ; Clock enable ; no     ; --                   ; --               ; --                        ;
; ESM_Core:Core|ESM_Core_IIM:IIM|MappingTable:mapping_table|Equal0~15 ; LABCELL_X31_Y29_N39  ; 67      ; Clock enable ; no     ; --                   ; --               ; --                        ;
; ESM_Core:Core|ESM_Core_IIM:IIM|MappingTable:mapping_table|Equal0~2  ; LABCELL_X30_Y29_N12  ; 67      ; Clock enable ; no     ; --                   ; --               ; --                        ;
; ESM_Core:Core|ESM_Core_IIM:IIM|MappingTable:mapping_table|Equal0~3  ; LABCELL_X30_Y30_N12  ; 67      ; Clock enable ; no     ; --                   ; --               ; --                        ;
; ESM_Core:Core|ESM_Core_IIM:IIM|MappingTable:mapping_table|Equal0~4  ; LABCELL_X30_Y29_N18  ; 67      ; Clock enable ; no     ; --                   ; --               ; --                        ;
; ESM_Core:Core|ESM_Core_IIM:IIM|MappingTable:mapping_table|Equal0~5  ; LABCELL_X29_Y29_N24  ; 67      ; Clock enable ; no     ; --                   ; --               ; --                        ;
; ESM_Core:Core|ESM_Core_IIM:IIM|MappingTable:mapping_table|Equal0~6  ; LABCELL_X31_Y31_N24  ; 67      ; Clock enable ; no     ; --                   ; --               ; --                        ;
; ESM_Core:Core|ESM_Core_IIM:IIM|MappingTable:mapping_table|Equal0~7  ; LABCELL_X30_Y31_N54  ; 67      ; Clock enable ; no     ; --                   ; --               ; --                        ;
; ESM_Core:Core|ESM_Core_IIM:IIM|MappingTable:mapping_table|Equal0~8  ; MLABCELL_X28_Y30_N21 ; 67      ; Clock enable ; no     ; --                   ; --               ; --                        ;
; ESM_Core:Core|ESM_Core_IIM:IIM|MappingTable:mapping_table|Equal0~9  ; LABCELL_X30_Y29_N36  ; 67      ; Clock enable ; no     ; --                   ; --               ; --                        ;
; clk                                                                 ; PIN_M16              ; 1400    ; Clock        ; yes    ; Global Clock         ; GCLK10           ; --                        ;
; rst                                                                 ; PIN_N16              ; 1395    ; Async. clear ; yes    ; Global Clock         ; GCLK8            ; --                        ;
+---------------------------------------------------------------------+----------------------+---------+--------------+--------+----------------------+------------------+---------------------------+


+-------------------------------------------------------------------------------------------------+
; Global & Other Fast Signals                                                                     ;
+------+----------+---------+----------------------+------------------+---------------------------+
; Name ; Location ; Fan-Out ; Global Resource Used ; Global Line Name ; Enable Signal Source Name ;
+------+----------+---------+----------------------+------------------+---------------------------+
; clk  ; PIN_M16  ; 1400    ; Global Clock         ; GCLK10           ; --                        ;
; rst  ; PIN_N16  ; 1395    ; Global Clock         ; GCLK8            ; --                        ;
+------+----------+---------+----------------------+------------------+---------------------------+


+-------------------------------------------------------------------------------------------------------------------------------------------------------------------------------------------------------------------------------------------------------------------------------------------------------------------------------------------------------------------------------------------------------------------------------------------------------------------------------------------------------------------------------------------------------------------------------------------------------------------------------------------------------------+
; Fitter RAM Summary                                                                                                                                                                                                                                                                                                                                                                                                                                                                                                                                                                                                                                          ;
+--------------------------------------------------------------------------------------------------+------+------------------+--------------+--------------+--------------+--------------+--------------+------------------------+-------------------------+------------------------+-------------------------+------+-----------------------------+-----------------------------+-----------------------------+-----------------------------+---------------------+-------------+-------+------+----------------+----------------------+-----------------+-----------------+----------+------------------------+---------------------------------------------+
; Name                                                                                             ; Type ; Mode             ; Clock Mode   ; Port A Depth ; Port A Width ; Port B Depth ; Port B Width ; Port A Input Registers ; Port A Output Registers ; Port B Input Registers ; Port B Output Registers ; Size ; Implementation Port A Depth ; Implementation Port A Width ; Implementation Port B Depth ; Implementation Port B Width ; Implementation Bits ; M10K blocks ; MLABs ; MIF  ; Location       ; Mixed Width RDW Mode ; Port A RDW Mode ; Port B RDW Mode ; ECC Mode ; ECC Pipeline Registers ; Fits in MLABs                               ;
+--------------------------------------------------------------------------------------------------+------+------------------+--------------+--------------+--------------+--------------+--------------+------------------------+-------------------------+------------------------+-------------------------+------+-----------------------------+-----------------------------+-----------------------------+-----------------------------+---------------------+-------------+-------+------+----------------+----------------------+-----------------+-----------------+----------+------------------------+---------------------------------------------+
; InstructionBuffer:Buffer|altsyncram:Instr_buffer_rtl_0|altsyncram_03n1:auto_generated|ALTSYNCRAM ; AUTO ; Simple Dual Port ; Single Clock ; 16           ; 32           ; 16           ; 32           ; yes                    ; no                      ; yes                    ; no                      ; 512  ; 16                          ; 32                          ; 16                          ; 32                          ; 512                 ; 1           ; 0     ; None ; M10K_X38_Y2_N0 ; Old data             ; New data        ; New data        ; Off      ; No                     ; No - Unsupported Mixed Feed Through Setting ;
+--------------------------------------------------------------------------------------------------+------+------------------+--------------+--------------+--------------+--------------+--------------+------------------------+-------------------------+------------------------+-------------------------+------+-----------------------------+-----------------------------+-----------------------------+-----------------------------+---------------------+-------------+-------+------+----------------+----------------------+-----------------+-----------------+----------+------------------------+---------------------------------------------+
Note: Fitter may spread logical memories into multiple blocks to improve timing. The actual required RAM blocks can be found in the Fitter Resource Usage section.


+----------------------------------------------------------+
; Routing Usage Summary                                    ;
+------------------------------+---------------------------+
; Routing Resource Type        ; Usage                     ;
+------------------------------+---------------------------+
; Block interconnects          ; 3,972 / 374,484 ( 1 % )   ;
; C12 interconnects            ; 61 / 16,664 ( < 1 % )     ;
; C2 interconnects             ; 1,027 / 155,012 ( < 1 % ) ;
; C4 interconnects             ; 575 / 72,600 ( < 1 % )    ;
; DQS bus muxes                ; 0 / 30 ( 0 % )            ;
; DQS-18 I/O buses             ; 0 / 30 ( 0 % )            ;
; DQS-9 I/O buses              ; 0 / 30 ( 0 % )            ;
; Direct links                 ; 330 / 374,484 ( < 1 % )   ;
; Global clocks                ; 2 / 16 ( 13 % )           ;
; Horizontal periphery clocks  ; 0 / 72 ( 0 % )            ;
; Local interconnects          ; 1,451 / 112,960 ( 1 % )   ;
; Quadrant clocks              ; 0 / 88 ( 0 % )            ;
; R14 interconnects            ; 81 / 15,868 ( < 1 % )     ;
; R14/C12 interconnect drivers ; 107 / 27,256 ( < 1 % )    ;
; R3 interconnects             ; 1,505 / 169,296 ( < 1 % ) ;
; R6 interconnects             ; 2,110 / 330,800 ( < 1 % ) ;
; Spine clocks                 ; 6 / 480 ( 1 % )           ;
; Wire stub REs                ; 0 / 20,834 ( 0 % )        ;
+------------------------------+---------------------------+


+------------------------------------------+
; I/O Rules Summary                        ;
+----------------------------------+-------+
; I/O Rules Statistic              ; Total ;
+----------------------------------+-------+
; Total I/O Rules                  ; 28    ;
; Number of I/O Rules Passed       ; 6     ;
; Number of I/O Rules Failed       ; 0     ;
; Number of I/O Rules Unchecked    ; 0     ;
; Number of I/O Rules Inapplicable ; 22    ;
+----------------------------------+-------+


+-----------------------------------------------------------------------------------------------------------------------------------------------------------------------------------------------------------------------------------------------------------------------------------+
; I/O Rules Details                                                                                                                                                                                                                                                                 ;
+--------------+-----------+-----------------------------------+------------------------------------------------------------------------------------+----------+--------------------------------------------------------------------------+---------------------+-------------------+
; Status       ; ID        ; Category                          ; Rule Description                                                                   ; Severity ; Information                                                              ; Area                ; Extra Information ;
+--------------+-----------+-----------------------------------+------------------------------------------------------------------------------------+----------+--------------------------------------------------------------------------+---------------------+-------------------+
; Inapplicable ; IO_000001 ; Capacity Checks                   ; Number of pins in an I/O bank should not exceed the number of locations available. ; Critical ; No Location assignments found.                                           ; I/O                 ;                   ;
; Inapplicable ; IO_000002 ; Capacity Checks                   ; Number of clocks in an I/O bank should not exceed the number of clocks available.  ; Critical ; No Global Signal assignments found.                                      ; I/O                 ;                   ;
; Inapplicable ; IO_000003 ; Capacity Checks                   ; Number of pins in a Vrefgroup should not exceed the number of locations available. ; Critical ; No Location assignments found.                                           ; I/O                 ;                   ;
; Inapplicable ; IO_000004 ; Voltage Compatibility Checks      ; The I/O bank should support the requested VCCIO.                                   ; Critical ; No IOBANK_VCCIO assignments found.                                       ; I/O                 ;                   ;
; Inapplicable ; IO_000005 ; Voltage Compatibility Checks      ; The I/O bank should not have competing VREF values.                                ; Critical ; No VREF I/O Standard assignments found.                                  ; I/O                 ;                   ;
; Pass         ; IO_000006 ; Voltage Compatibility Checks      ; The I/O bank should not have competing VCCIO values.                               ; Critical ; 0 such failures found.                                                   ; I/O                 ;                   ;
; Inapplicable ; IO_000007 ; Valid Location Checks             ; Checks for unavailable locations.                                                  ; Critical ; No Location assignments found.                                           ; I/O                 ;                   ;
; Inapplicable ; IO_000008 ; Valid Location Checks             ; Checks for reserved locations.                                                     ; Critical ; No reserved LogicLock region found.                                      ; I/O                 ;                   ;
; Pass         ; IO_000009 ; I/O Properties Checks for One I/O ; The location should support the requested I/O standard.                            ; Critical ; 0 such failures found.                                                   ; I/O                 ;                   ;
; Pass         ; IO_000010 ; I/O Properties Checks for One I/O ; The location should support the requested I/O direction.                           ; Critical ; 0 such failures found.                                                   ; I/O                 ;                   ;
; Inapplicable ; IO_000011 ; I/O Properties Checks for One I/O ; The location should support the requested Current Strength.                        ; Critical ; No Current Strength assignments found.                                   ; I/O                 ;                   ;
; Pass         ; IO_000012 ; I/O Properties Checks for One I/O ; The location should support the requested On Chip Termination value.               ; Critical ; 0 such failures found.                                                   ; I/O                 ;                   ;
; Inapplicable ; IO_000013 ; I/O Properties Checks for One I/O ; The location should support the requested Bus Hold value.                          ; Critical ; No Enable Bus-Hold Circuitry assignments found.                          ; I/O                 ;                   ;
; Inapplicable ; IO_000014 ; I/O Properties Checks for One I/O ; The location should support the requested Weak Pull Up value.                      ; Critical ; No Weak Pull-Up Resistor assignments found.                              ; I/O                 ;                   ;
; Inapplicable ; IO_000015 ; I/O Properties Checks for One I/O ; The location should support the requested PCI Clamp Diode.                         ; Critical ; No Clamping Diode assignments found.                                     ; I/O                 ;                   ;
; Inapplicable ; IO_000018 ; I/O Properties Checks for One I/O ; The I/O standard should support the requested Current Strength.                    ; Critical ; No Current Strength assignments found.                                   ; I/O                 ;                   ;
; Pass         ; IO_000019 ; I/O Properties Checks for One I/O ; The I/O standard should support the requested On Chip Termination value.           ; Critical ; 0 such failures found.                                                   ; I/O                 ;                   ;
; Inapplicable ; IO_000020 ; I/O Properties Checks for One I/O ; The I/O standard should support the requested PCI Clamp Diode.                     ; Critical ; No Clamping Diode assignments found.                                     ; I/O                 ;                   ;
; Inapplicable ; IO_000021 ; I/O Properties Checks for One I/O ; The I/O standard should support the requested Weak Pull Up value.                  ; Critical ; No Weak Pull-Up Resistor assignments found.                              ; I/O                 ;                   ;
; Inapplicable ; IO_000022 ; I/O Properties Checks for One I/O ; The I/O standard should support the requested Bus Hold value.                      ; Critical ; No Enable Bus-Hold Circuitry assignments found.                          ; I/O                 ;                   ;
; Inapplicable ; IO_000023 ; I/O Properties Checks for One I/O ; The I/O standard should support the Open Drain value.                              ; Critical ; No open drain assignments found.                                         ; I/O                 ;                   ;
; Pass         ; IO_000024 ; I/O Properties Checks for One I/O ; The I/O direction should support the On Chip Termination value.                    ; Critical ; 0 such failures found.                                                   ; I/O                 ;                   ;
; Inapplicable ; IO_000026 ; I/O Properties Checks for One I/O ; On Chip Termination and Current Strength should not be used at the same time.      ; Critical ; No Current Strength assignments found.                                   ; I/O                 ;                   ;
; Inapplicable ; IO_000027 ; I/O Properties Checks for One I/O ; Weak Pull Up and Bus Hold should not be used at the same time.                     ; Critical ; No Enable Bus-Hold Circuitry or Weak Pull-Up Resistor assignments found. ; I/O                 ;                   ;
; Inapplicable ; IO_000045 ; I/O Properties Checks for One I/O ; The I/O standard should support the requested Slew Rate value.                     ; Critical ; No Slew Rate assignments found.                                          ; I/O                 ;                   ;
; Inapplicable ; IO_000046 ; I/O Properties Checks for One I/O ; The location should support the requested Slew Rate value.                         ; Critical ; No Slew Rate assignments found.                                          ; I/O                 ;                   ;
; Inapplicable ; IO_000047 ; I/O Properties Checks for One I/O ; On Chip Termination and Slew Rate should not be used at the same time.             ; Critical ; No Slew Rate assignments found.                                          ; I/O                 ;                   ;
; Inapplicable ; IO_000034 ; SI Related Distance Checks        ; Single-ended outputs should be 0 LAB row(s) away from a differential I/O.          ; High     ; No Differential I/O Standard assignments found.                          ; I/O                 ;                   ;
; ----         ; ----      ; Disclaimer                        ; OCT rules are checked but not reported.                                            ; None     ; ----                                                                     ; On Chip Termination ;                   ;
+--------------+-----------+-----------------------------------+------------------------------------------------------------------------------------+----------+--------------------------------------------------------------------------+---------------------+-------------------+


+-----------------------------------------------------------------------------------------------------------------------------------------------------------------------------------------------------------------------------------------------------------------------------------------------------------------------------------------------------------------------------------------------------------------------------------------------+
; I/O Rules Matrix                                                                                                                                                                                                                                                                                                                                                                                                                              ;
+--------------------+--------------+--------------+--------------+--------------+--------------+-----------+--------------+--------------+-----------+-----------+--------------+--------------+--------------+--------------+--------------+--------------+--------------+--------------+--------------+--------------+--------------+--------------+--------------+--------------+--------------+--------------+--------------+--------------+
; Pin/Rules          ; IO_000001    ; IO_000002    ; IO_000003    ; IO_000004    ; IO_000005    ; IO_000006 ; IO_000007    ; IO_000008    ; IO_000009 ; IO_000010 ; IO_000011    ; IO_000012    ; IO_000013    ; IO_000014    ; IO_000015    ; IO_000018    ; IO_000019    ; IO_000020    ; IO_000021    ; IO_000022    ; IO_000023    ; IO_000024    ; IO_000026    ; IO_000027    ; IO_000045    ; IO_000046    ; IO_000047    ; IO_000034    ;
+--------------------+--------------+--------------+--------------+--------------+--------------+-----------+--------------+--------------+-----------+-----------+--------------+--------------+--------------+--------------+--------------+--------------+--------------+--------------+--------------+--------------+--------------+--------------+--------------+--------------+--------------+--------------+--------------+--------------+
; Total Pass         ; 0            ; 0            ; 0            ; 0            ; 0            ; 68        ; 0            ; 0            ; 68        ; 68        ; 0            ; 32           ; 0            ; 0            ; 0            ; 0            ; 32           ; 0            ; 0            ; 0            ; 0            ; 32           ; 0            ; 0            ; 0            ; 0            ; 0            ; 0            ;
; Total Unchecked    ; 0            ; 0            ; 0            ; 0            ; 0            ; 0         ; 0            ; 0            ; 0         ; 0         ; 0            ; 0            ; 0            ; 0            ; 0            ; 0            ; 0            ; 0            ; 0            ; 0            ; 0            ; 0            ; 0            ; 0            ; 0            ; 0            ; 0            ; 0            ;
; Total Inapplicable ; 68           ; 68           ; 68           ; 68           ; 68           ; 0         ; 68           ; 68           ; 0         ; 0         ; 68           ; 36           ; 68           ; 68           ; 68           ; 68           ; 36           ; 68           ; 68           ; 68           ; 68           ; 36           ; 68           ; 68           ; 68           ; 68           ; 68           ; 68           ;
; Total Fail         ; 0            ; 0            ; 0            ; 0            ; 0            ; 0         ; 0            ; 0            ; 0         ; 0         ; 0            ; 0            ; 0            ; 0            ; 0            ; 0            ; 0            ; 0            ; 0            ; 0            ; 0            ; 0            ; 0            ; 0            ; 0            ; 0            ; 0            ; 0            ;
; Instr_out[0]       ; Inapplicable ; Inapplicable ; Inapplicable ; Inapplicable ; Inapplicable ; Pass      ; Inapplicable ; Inapplicable ; Pass      ; Pass      ; Inapplicable ; Pass         ; Inapplicable ; Inapplicable ; Inapplicable ; Inapplicable ; Pass         ; Inapplicable ; Inapplicable ; Inapplicable ; Inapplicable ; Pass         ; Inapplicable ; Inapplicable ; Inapplicable ; Inapplicable ; Inapplicable ; Inapplicable ;
; Instr_out[1]       ; Inapplicable ; Inapplicable ; Inapplicable ; Inapplicable ; Inapplicable ; Pass      ; Inapplicable ; Inapplicable ; Pass      ; Pass      ; Inapplicable ; Pass         ; Inapplicable ; Inapplicable ; Inapplicable ; Inapplicable ; Pass         ; Inapplicable ; Inapplicable ; Inapplicable ; Inapplicable ; Pass         ; Inapplicable ; Inapplicable ; Inapplicable ; Inapplicable ; Inapplicable ; Inapplicable ;
; Instr_out[2]       ; Inapplicable ; Inapplicable ; Inapplicable ; Inapplicable ; Inapplicable ; Pass      ; Inapplicable ; Inapplicable ; Pass      ; Pass      ; Inapplicable ; Pass         ; Inapplicable ; Inapplicable ; Inapplicable ; Inapplicable ; Pass         ; Inapplicable ; Inapplicable ; Inapplicable ; Inapplicable ; Pass         ; Inapplicable ; Inapplicable ; Inapplicable ; Inapplicable ; Inapplicable ; Inapplicable ;
; Instr_out[3]       ; Inapplicable ; Inapplicable ; Inapplicable ; Inapplicable ; Inapplicable ; Pass      ; Inapplicable ; Inapplicable ; Pass      ; Pass      ; Inapplicable ; Pass         ; Inapplicable ; Inapplicable ; Inapplicable ; Inapplicable ; Pass         ; Inapplicable ; Inapplicable ; Inapplicable ; Inapplicable ; Pass         ; Inapplicable ; Inapplicable ; Inapplicable ; Inapplicable ; Inapplicable ; Inapplicable ;
; Instr_out[4]       ; Inapplicable ; Inapplicable ; Inapplicable ; Inapplicable ; Inapplicable ; Pass      ; Inapplicable ; Inapplicable ; Pass      ; Pass      ; Inapplicable ; Pass         ; Inapplicable ; Inapplicable ; Inapplicable ; Inapplicable ; Pass         ; Inapplicable ; Inapplicable ; Inapplicable ; Inapplicable ; Pass         ; Inapplicable ; Inapplicable ; Inapplicable ; Inapplicable ; Inapplicable ; Inapplicable ;
; Instr_out[5]       ; Inapplicable ; Inapplicable ; Inapplicable ; Inapplicable ; Inapplicable ; Pass      ; Inapplicable ; Inapplicable ; Pass      ; Pass      ; Inapplicable ; Pass         ; Inapplicable ; Inapplicable ; Inapplicable ; Inapplicable ; Pass         ; Inapplicable ; Inapplicable ; Inapplicable ; Inapplicable ; Pass         ; Inapplicable ; Inapplicable ; Inapplicable ; Inapplicable ; Inapplicable ; Inapplicable ;
; Instr_out[6]       ; Inapplicable ; Inapplicable ; Inapplicable ; Inapplicable ; Inapplicable ; Pass      ; Inapplicable ; Inapplicable ; Pass      ; Pass      ; Inapplicable ; Pass         ; Inapplicable ; Inapplicable ; Inapplicable ; Inapplicable ; Pass         ; Inapplicable ; Inapplicable ; Inapplicable ; Inapplicable ; Pass         ; Inapplicable ; Inapplicable ; Inapplicable ; Inapplicable ; Inapplicable ; Inapplicable ;
; Instr_out[7]       ; Inapplicable ; Inapplicable ; Inapplicable ; Inapplicable ; Inapplicable ; Pass      ; Inapplicable ; Inapplicable ; Pass      ; Pass      ; Inapplicable ; Pass         ; Inapplicable ; Inapplicable ; Inapplicable ; Inapplicable ; Pass         ; Inapplicable ; Inapplicable ; Inapplicable ; Inapplicable ; Pass         ; Inapplicable ; Inapplicable ; Inapplicable ; Inapplicable ; Inapplicable ; Inapplicable ;
; Instr_out[8]       ; Inapplicable ; Inapplicable ; Inapplicable ; Inapplicable ; Inapplicable ; Pass      ; Inapplicable ; Inapplicable ; Pass      ; Pass      ; Inapplicable ; Pass         ; Inapplicable ; Inapplicable ; Inapplicable ; Inapplicable ; Pass         ; Inapplicable ; Inapplicable ; Inapplicable ; Inapplicable ; Pass         ; Inapplicable ; Inapplicable ; Inapplicable ; Inapplicable ; Inapplicable ; Inapplicable ;
; Instr_out[9]       ; Inapplicable ; Inapplicable ; Inapplicable ; Inapplicable ; Inapplicable ; Pass      ; Inapplicable ; Inapplicable ; Pass      ; Pass      ; Inapplicable ; Pass         ; Inapplicable ; Inapplicable ; Inapplicable ; Inapplicable ; Pass         ; Inapplicable ; Inapplicable ; Inapplicable ; Inapplicable ; Pass         ; Inapplicable ; Inapplicable ; Inapplicable ; Inapplicable ; Inapplicable ; Inapplicable ;
; Instr_out[10]      ; Inapplicable ; Inapplicable ; Inapplicable ; Inapplicable ; Inapplicable ; Pass      ; Inapplicable ; Inapplicable ; Pass      ; Pass      ; Inapplicable ; Pass         ; Inapplicable ; Inapplicable ; Inapplicable ; Inapplicable ; Pass         ; Inapplicable ; Inapplicable ; Inapplicable ; Inapplicable ; Pass         ; Inapplicable ; Inapplicable ; Inapplicable ; Inapplicable ; Inapplicable ; Inapplicable ;
; Instr_out[11]      ; Inapplicable ; Inapplicable ; Inapplicable ; Inapplicable ; Inapplicable ; Pass      ; Inapplicable ; Inapplicable ; Pass      ; Pass      ; Inapplicable ; Pass         ; Inapplicable ; Inapplicable ; Inapplicable ; Inapplicable ; Pass         ; Inapplicable ; Inapplicable ; Inapplicable ; Inapplicable ; Pass         ; Inapplicable ; Inapplicable ; Inapplicable ; Inapplicable ; Inapplicable ; Inapplicable ;
; Instr_out[12]      ; Inapplicable ; Inapplicable ; Inapplicable ; Inapplicable ; Inapplicable ; Pass      ; Inapplicable ; Inapplicable ; Pass      ; Pass      ; Inapplicable ; Pass         ; Inapplicable ; Inapplicable ; Inapplicable ; Inapplicable ; Pass         ; Inapplicable ; Inapplicable ; Inapplicable ; Inapplicable ; Pass         ; Inapplicable ; Inapplicable ; Inapplicable ; Inapplicable ; Inapplicable ; Inapplicable ;
; Instr_out[13]      ; Inapplicable ; Inapplicable ; Inapplicable ; Inapplicable ; Inapplicable ; Pass      ; Inapplicable ; Inapplicable ; Pass      ; Pass      ; Inapplicable ; Pass         ; Inapplicable ; Inapplicable ; Inapplicable ; Inapplicable ; Pass         ; Inapplicable ; Inapplicable ; Inapplicable ; Inapplicable ; Pass         ; Inapplicable ; Inapplicable ; Inapplicable ; Inapplicable ; Inapplicable ; Inapplicable ;
; Instr_out[14]      ; Inapplicable ; Inapplicable ; Inapplicable ; Inapplicable ; Inapplicable ; Pass      ; Inapplicable ; Inapplicable ; Pass      ; Pass      ; Inapplicable ; Pass         ; Inapplicable ; Inapplicable ; Inapplicable ; Inapplicable ; Pass         ; Inapplicable ; Inapplicable ; Inapplicable ; Inapplicable ; Pass         ; Inapplicable ; Inapplicable ; Inapplicable ; Inapplicable ; Inapplicable ; Inapplicable ;
; Instr_out[15]      ; Inapplicable ; Inapplicable ; Inapplicable ; Inapplicable ; Inapplicable ; Pass      ; Inapplicable ; Inapplicable ; Pass      ; Pass      ; Inapplicable ; Pass         ; Inapplicable ; Inapplicable ; Inapplicable ; Inapplicable ; Pass         ; Inapplicable ; Inapplicable ; Inapplicable ; Inapplicable ; Pass         ; Inapplicable ; Inapplicable ; Inapplicable ; Inapplicable ; Inapplicable ; Inapplicable ;
; Instr_out[16]      ; Inapplicable ; Inapplicable ; Inapplicable ; Inapplicable ; Inapplicable ; Pass      ; Inapplicable ; Inapplicable ; Pass      ; Pass      ; Inapplicable ; Pass         ; Inapplicable ; Inapplicable ; Inapplicable ; Inapplicable ; Pass         ; Inapplicable ; Inapplicable ; Inapplicable ; Inapplicable ; Pass         ; Inapplicable ; Inapplicable ; Inapplicable ; Inapplicable ; Inapplicable ; Inapplicable ;
; Instr_out[17]      ; Inapplicable ; Inapplicable ; Inapplicable ; Inapplicable ; Inapplicable ; Pass      ; Inapplicable ; Inapplicable ; Pass      ; Pass      ; Inapplicable ; Pass         ; Inapplicable ; Inapplicable ; Inapplicable ; Inapplicable ; Pass         ; Inapplicable ; Inapplicable ; Inapplicable ; Inapplicable ; Pass         ; Inapplicable ; Inapplicable ; Inapplicable ; Inapplicable ; Inapplicable ; Inapplicable ;
; Instr_out[18]      ; Inapplicable ; Inapplicable ; Inapplicable ; Inapplicable ; Inapplicable ; Pass      ; Inapplicable ; Inapplicable ; Pass      ; Pass      ; Inapplicable ; Pass         ; Inapplicable ; Inapplicable ; Inapplicable ; Inapplicable ; Pass         ; Inapplicable ; Inapplicable ; Inapplicable ; Inapplicable ; Pass         ; Inapplicable ; Inapplicable ; Inapplicable ; Inapplicable ; Inapplicable ; Inapplicable ;
; Instr_out[19]      ; Inapplicable ; Inapplicable ; Inapplicable ; Inapplicable ; Inapplicable ; Pass      ; Inapplicable ; Inapplicable ; Pass      ; Pass      ; Inapplicable ; Pass         ; Inapplicable ; Inapplicable ; Inapplicable ; Inapplicable ; Pass         ; Inapplicable ; Inapplicable ; Inapplicable ; Inapplicable ; Pass         ; Inapplicable ; Inapplicable ; Inapplicable ; Inapplicable ; Inapplicable ; Inapplicable ;
; Instr_out[20]      ; Inapplicable ; Inapplicable ; Inapplicable ; Inapplicable ; Inapplicable ; Pass      ; Inapplicable ; Inapplicable ; Pass      ; Pass      ; Inapplicable ; Pass         ; Inapplicable ; Inapplicable ; Inapplicable ; Inapplicable ; Pass         ; Inapplicable ; Inapplicable ; Inapplicable ; Inapplicable ; Pass         ; Inapplicable ; Inapplicable ; Inapplicable ; Inapplicable ; Inapplicable ; Inapplicable ;
; Instr_out[21]      ; Inapplicable ; Inapplicable ; Inapplicable ; Inapplicable ; Inapplicable ; Pass      ; Inapplicable ; Inapplicable ; Pass      ; Pass      ; Inapplicable ; Pass         ; Inapplicable ; Inapplicable ; Inapplicable ; Inapplicable ; Pass         ; Inapplicable ; Inapplicable ; Inapplicable ; Inapplicable ; Pass         ; Inapplicable ; Inapplicable ; Inapplicable ; Inapplicable ; Inapplicable ; Inapplicable ;
; Instr_out[22]      ; Inapplicable ; Inapplicable ; Inapplicable ; Inapplicable ; Inapplicable ; Pass      ; Inapplicable ; Inapplicable ; Pass      ; Pass      ; Inapplicable ; Pass         ; Inapplicable ; Inapplicable ; Inapplicable ; Inapplicable ; Pass         ; Inapplicable ; Inapplicable ; Inapplicable ; Inapplicable ; Pass         ; Inapplicable ; Inapplicable ; Inapplicable ; Inapplicable ; Inapplicable ; Inapplicable ;
; Instr_out[23]      ; Inapplicable ; Inapplicable ; Inapplicable ; Inapplicable ; Inapplicable ; Pass      ; Inapplicable ; Inapplicable ; Pass      ; Pass      ; Inapplicable ; Pass         ; Inapplicable ; Inapplicable ; Inapplicable ; Inapplicable ; Pass         ; Inapplicable ; Inapplicable ; Inapplicable ; Inapplicable ; Pass         ; Inapplicable ; Inapplicable ; Inapplicable ; Inapplicable ; Inapplicable ; Inapplicable ;
; Instr_out[24]      ; Inapplicable ; Inapplicable ; Inapplicable ; Inapplicable ; Inapplicable ; Pass      ; Inapplicable ; Inapplicable ; Pass      ; Pass      ; Inapplicable ; Pass         ; Inapplicable ; Inapplicable ; Inapplicable ; Inapplicable ; Pass         ; Inapplicable ; Inapplicable ; Inapplicable ; Inapplicable ; Pass         ; Inapplicable ; Inapplicable ; Inapplicable ; Inapplicable ; Inapplicable ; Inapplicable ;
; Instr_out[25]      ; Inapplicable ; Inapplicable ; Inapplicable ; Inapplicable ; Inapplicable ; Pass      ; Inapplicable ; Inapplicable ; Pass      ; Pass      ; Inapplicable ; Pass         ; Inapplicable ; Inapplicable ; Inapplicable ; Inapplicable ; Pass         ; Inapplicable ; Inapplicable ; Inapplicable ; Inapplicable ; Pass         ; Inapplicable ; Inapplicable ; Inapplicable ; Inapplicable ; Inapplicable ; Inapplicable ;
; Instr_out[26]      ; Inapplicable ; Inapplicable ; Inapplicable ; Inapplicable ; Inapplicable ; Pass      ; Inapplicable ; Inapplicable ; Pass      ; Pass      ; Inapplicable ; Pass         ; Inapplicable ; Inapplicable ; Inapplicable ; Inapplicable ; Pass         ; Inapplicable ; Inapplicable ; Inapplicable ; Inapplicable ; Pass         ; Inapplicable ; Inapplicable ; Inapplicable ; Inapplicable ; Inapplicable ; Inapplicable ;
; Instr_out[27]      ; Inapplicable ; Inapplicable ; Inapplicable ; Inapplicable ; Inapplicable ; Pass      ; Inapplicable ; Inapplicable ; Pass      ; Pass      ; Inapplicable ; Pass         ; Inapplicable ; Inapplicable ; Inapplicable ; Inapplicable ; Pass         ; Inapplicable ; Inapplicable ; Inapplicable ; Inapplicable ; Pass         ; Inapplicable ; Inapplicable ; Inapplicable ; Inapplicable ; Inapplicable ; Inapplicable ;
; Instr_out[28]      ; Inapplicable ; Inapplicable ; Inapplicable ; Inapplicable ; Inapplicable ; Pass      ; Inapplicable ; Inapplicable ; Pass      ; Pass      ; Inapplicable ; Pass         ; Inapplicable ; Inapplicable ; Inapplicable ; Inapplicable ; Pass         ; Inapplicable ; Inapplicable ; Inapplicable ; Inapplicable ; Pass         ; Inapplicable ; Inapplicable ; Inapplicable ; Inapplicable ; Inapplicable ; Inapplicable ;
; Instr_out[29]      ; Inapplicable ; Inapplicable ; Inapplicable ; Inapplicable ; Inapplicable ; Pass      ; Inapplicable ; Inapplicable ; Pass      ; Pass      ; Inapplicable ; Pass         ; Inapplicable ; Inapplicable ; Inapplicable ; Inapplicable ; Pass         ; Inapplicable ; Inapplicable ; Inapplicable ; Inapplicable ; Pass         ; Inapplicable ; Inapplicable ; Inapplicable ; Inapplicable ; Inapplicable ; Inapplicable ;
; Instr_out[30]      ; Inapplicable ; Inapplicable ; Inapplicable ; Inapplicable ; Inapplicable ; Pass      ; Inapplicable ; Inapplicable ; Pass      ; Pass      ; Inapplicable ; Pass         ; Inapplicable ; Inapplicable ; Inapplicable ; Inapplicable ; Pass         ; Inapplicable ; Inapplicable ; Inapplicable ; Inapplicable ; Pass         ; Inapplicable ; Inapplicable ; Inapplicable ; Inapplicable ; Inapplicable ; Inapplicable ;
; Instr_out[31]      ; Inapplicable ; Inapplicable ; Inapplicable ; Inapplicable ; Inapplicable ; Pass      ; Inapplicable ; Inapplicable ; Pass      ; Pass      ; Inapplicable ; Pass         ; Inapplicable ; Inapplicable ; Inapplicable ; Inapplicable ; Pass         ; Inapplicable ; Inapplicable ; Inapplicable ; Inapplicable ; Pass         ; Inapplicable ; Inapplicable ; Inapplicable ; Inapplicable ; Inapplicable ; Inapplicable ;
; clk                ; Inapplicable ; Inapplicable ; Inapplicable ; Inapplicable ; Inapplicable ; Pass      ; Inapplicable ; Inapplicable ; Pass      ; Pass      ; Inapplicable ; Inapplicable ; Inapplicable ; Inapplicable ; Inapplicable ; Inapplicable ; Inapplicable ; Inapplicable ; Inapplicable ; Inapplicable ; Inapplicable ; Inapplicable ; Inapplicable ; Inapplicable ; Inapplicable ; Inapplicable ; Inapplicable ; Inapplicable ;
; Instr_in[0]        ; Inapplicable ; Inapplicable ; Inapplicable ; Inapplicable ; Inapplicable ; Pass      ; Inapplicable ; Inapplicable ; Pass      ; Pass      ; Inapplicable ; Inapplicable ; Inapplicable ; Inapplicable ; Inapplicable ; Inapplicable ; Inapplicable ; Inapplicable ; Inapplicable ; Inapplicable ; Inapplicable ; Inapplicable ; Inapplicable ; Inapplicable ; Inapplicable ; Inapplicable ; Inapplicable ; Inapplicable ;
; Instr_in[1]        ; Inapplicable ; Inapplicable ; Inapplicable ; Inapplicable ; Inapplicable ; Pass      ; Inapplicable ; Inapplicable ; Pass      ; Pass      ; Inapplicable ; Inapplicable ; Inapplicable ; Inapplicable ; Inapplicable ; Inapplicable ; Inapplicable ; Inapplicable ; Inapplicable ; Inapplicable ; Inapplicable ; Inapplicable ; Inapplicable ; Inapplicable ; Inapplicable ; Inapplicable ; Inapplicable ; Inapplicable ;
; Instr_in[2]        ; Inapplicable ; Inapplicable ; Inapplicable ; Inapplicable ; Inapplicable ; Pass      ; Inapplicable ; Inapplicable ; Pass      ; Pass      ; Inapplicable ; Inapplicable ; Inapplicable ; Inapplicable ; Inapplicable ; Inapplicable ; Inapplicable ; Inapplicable ; Inapplicable ; Inapplicable ; Inapplicable ; Inapplicable ; Inapplicable ; Inapplicable ; Inapplicable ; Inapplicable ; Inapplicable ; Inapplicable ;
; Instr_in[3]        ; Inapplicable ; Inapplicable ; Inapplicable ; Inapplicable ; Inapplicable ; Pass      ; Inapplicable ; Inapplicable ; Pass      ; Pass      ; Inapplicable ; Inapplicable ; Inapplicable ; Inapplicable ; Inapplicable ; Inapplicable ; Inapplicable ; Inapplicable ; Inapplicable ; Inapplicable ; Inapplicable ; Inapplicable ; Inapplicable ; Inapplicable ; Inapplicable ; Inapplicable ; Inapplicable ; Inapplicable ;
; Instr_in[4]        ; Inapplicable ; Inapplicable ; Inapplicable ; Inapplicable ; Inapplicable ; Pass      ; Inapplicable ; Inapplicable ; Pass      ; Pass      ; Inapplicable ; Inapplicable ; Inapplicable ; Inapplicable ; Inapplicable ; Inapplicable ; Inapplicable ; Inapplicable ; Inapplicable ; Inapplicable ; Inapplicable ; Inapplicable ; Inapplicable ; Inapplicable ; Inapplicable ; Inapplicable ; Inapplicable ; Inapplicable ;
; Instr_in[5]        ; Inapplicable ; Inapplicable ; Inapplicable ; Inapplicable ; Inapplicable ; Pass      ; Inapplicable ; Inapplicable ; Pass      ; Pass      ; Inapplicable ; Inapplicable ; Inapplicable ; Inapplicable ; Inapplicable ; Inapplicable ; Inapplicable ; Inapplicable ; Inapplicable ; Inapplicable ; Inapplicable ; Inapplicable ; Inapplicable ; Inapplicable ; Inapplicable ; Inapplicable ; Inapplicable ; Inapplicable ;
; Instr_in[6]        ; Inapplicable ; Inapplicable ; Inapplicable ; Inapplicable ; Inapplicable ; Pass      ; Inapplicable ; Inapplicable ; Pass      ; Pass      ; Inapplicable ; Inapplicable ; Inapplicable ; Inapplicable ; Inapplicable ; Inapplicable ; Inapplicable ; Inapplicable ; Inapplicable ; Inapplicable ; Inapplicable ; Inapplicable ; Inapplicable ; Inapplicable ; Inapplicable ; Inapplicable ; Inapplicable ; Inapplicable ;
; Instr_in[7]        ; Inapplicable ; Inapplicable ; Inapplicable ; Inapplicable ; Inapplicable ; Pass      ; Inapplicable ; Inapplicable ; Pass      ; Pass      ; Inapplicable ; Inapplicable ; Inapplicable ; Inapplicable ; Inapplicable ; Inapplicable ; Inapplicable ; Inapplicable ; Inapplicable ; Inapplicable ; Inapplicable ; Inapplicable ; Inapplicable ; Inapplicable ; Inapplicable ; Inapplicable ; Inapplicable ; Inapplicable ;
; Instr_in[8]        ; Inapplicable ; Inapplicable ; Inapplicable ; Inapplicable ; Inapplicable ; Pass      ; Inapplicable ; Inapplicable ; Pass      ; Pass      ; Inapplicable ; Inapplicable ; Inapplicable ; Inapplicable ; Inapplicable ; Inapplicable ; Inapplicable ; Inapplicable ; Inapplicable ; Inapplicable ; Inapplicable ; Inapplicable ; Inapplicable ; Inapplicable ; Inapplicable ; Inapplicable ; Inapplicable ; Inapplicable ;
; Instr_in[9]        ; Inapplicable ; Inapplicable ; Inapplicable ; Inapplicable ; Inapplicable ; Pass      ; Inapplicable ; Inapplicable ; Pass      ; Pass      ; Inapplicable ; Inapplicable ; Inapplicable ; Inapplicable ; Inapplicable ; Inapplicable ; Inapplicable ; Inapplicable ; Inapplicable ; Inapplicable ; Inapplicable ; Inapplicable ; Inapplicable ; Inapplicable ; Inapplicable ; Inapplicable ; Inapplicable ; Inapplicable ;
; Instr_in[10]       ; Inapplicable ; Inapplicable ; Inapplicable ; Inapplicable ; Inapplicable ; Pass      ; Inapplicable ; Inapplicable ; Pass      ; Pass      ; Inapplicable ; Inapplicable ; Inapplicable ; Inapplicable ; Inapplicable ; Inapplicable ; Inapplicable ; Inapplicable ; Inapplicable ; Inapplicable ; Inapplicable ; Inapplicable ; Inapplicable ; Inapplicable ; Inapplicable ; Inapplicable ; Inapplicable ; Inapplicable ;
; Instr_in[11]       ; Inapplicable ; Inapplicable ; Inapplicable ; Inapplicable ; Inapplicable ; Pass      ; Inapplicable ; Inapplicable ; Pass      ; Pass      ; Inapplicable ; Inapplicable ; Inapplicable ; Inapplicable ; Inapplicable ; Inapplicable ; Inapplicable ; Inapplicable ; Inapplicable ; Inapplicable ; Inapplicable ; Inapplicable ; Inapplicable ; Inapplicable ; Inapplicable ; Inapplicable ; Inapplicable ; Inapplicable ;
; Instr_in[12]       ; Inapplicable ; Inapplicable ; Inapplicable ; Inapplicable ; Inapplicable ; Pass      ; Inapplicable ; Inapplicable ; Pass      ; Pass      ; Inapplicable ; Inapplicable ; Inapplicable ; Inapplicable ; Inapplicable ; Inapplicable ; Inapplicable ; Inapplicable ; Inapplicable ; Inapplicable ; Inapplicable ; Inapplicable ; Inapplicable ; Inapplicable ; Inapplicable ; Inapplicable ; Inapplicable ; Inapplicable ;
; Instr_in[13]       ; Inapplicable ; Inapplicable ; Inapplicable ; Inapplicable ; Inapplicable ; Pass      ; Inapplicable ; Inapplicable ; Pass      ; Pass      ; Inapplicable ; Inapplicable ; Inapplicable ; Inapplicable ; Inapplicable ; Inapplicable ; Inapplicable ; Inapplicable ; Inapplicable ; Inapplicable ; Inapplicable ; Inapplicable ; Inapplicable ; Inapplicable ; Inapplicable ; Inapplicable ; Inapplicable ; Inapplicable ;
; Instr_in[14]       ; Inapplicable ; Inapplicable ; Inapplicable ; Inapplicable ; Inapplicable ; Pass      ; Inapplicable ; Inapplicable ; Pass      ; Pass      ; Inapplicable ; Inapplicable ; Inapplicable ; Inapplicable ; Inapplicable ; Inapplicable ; Inapplicable ; Inapplicable ; Inapplicable ; Inapplicable ; Inapplicable ; Inapplicable ; Inapplicable ; Inapplicable ; Inapplicable ; Inapplicable ; Inapplicable ; Inapplicable ;
; Instr_in[15]       ; Inapplicable ; Inapplicable ; Inapplicable ; Inapplicable ; Inapplicable ; Pass      ; Inapplicable ; Inapplicable ; Pass      ; Pass      ; Inapplicable ; Inapplicable ; Inapplicable ; Inapplicable ; Inapplicable ; Inapplicable ; Inapplicable ; Inapplicable ; Inapplicable ; Inapplicable ; Inapplicable ; Inapplicable ; Inapplicable ; Inapplicable ; Inapplicable ; Inapplicable ; Inapplicable ; Inapplicable ;
; Instr_in[16]       ; Inapplicable ; Inapplicable ; Inapplicable ; Inapplicable ; Inapplicable ; Pass      ; Inapplicable ; Inapplicable ; Pass      ; Pass      ; Inapplicable ; Inapplicable ; Inapplicable ; Inapplicable ; Inapplicable ; Inapplicable ; Inapplicable ; Inapplicable ; Inapplicable ; Inapplicable ; Inapplicable ; Inapplicable ; Inapplicable ; Inapplicable ; Inapplicable ; Inapplicable ; Inapplicable ; Inapplicable ;
; Instr_in[17]       ; Inapplicable ; Inapplicable ; Inapplicable ; Inapplicable ; Inapplicable ; Pass      ; Inapplicable ; Inapplicable ; Pass      ; Pass      ; Inapplicable ; Inapplicable ; Inapplicable ; Inapplicable ; Inapplicable ; Inapplicable ; Inapplicable ; Inapplicable ; Inapplicable ; Inapplicable ; Inapplicable ; Inapplicable ; Inapplicable ; Inapplicable ; Inapplicable ; Inapplicable ; Inapplicable ; Inapplicable ;
; Instr_in[18]       ; Inapplicable ; Inapplicable ; Inapplicable ; Inapplicable ; Inapplicable ; Pass      ; Inapplicable ; Inapplicable ; Pass      ; Pass      ; Inapplicable ; Inapplicable ; Inapplicable ; Inapplicable ; Inapplicable ; Inapplicable ; Inapplicable ; Inapplicable ; Inapplicable ; Inapplicable ; Inapplicable ; Inapplicable ; Inapplicable ; Inapplicable ; Inapplicable ; Inapplicable ; Inapplicable ; Inapplicable ;
; Instr_in[19]       ; Inapplicable ; Inapplicable ; Inapplicable ; Inapplicable ; Inapplicable ; Pass      ; Inapplicable ; Inapplicable ; Pass      ; Pass      ; Inapplicable ; Inapplicable ; Inapplicable ; Inapplicable ; Inapplicable ; Inapplicable ; Inapplicable ; Inapplicable ; Inapplicable ; Inapplicable ; Inapplicable ; Inapplicable ; Inapplicable ; Inapplicable ; Inapplicable ; Inapplicable ; Inapplicable ; Inapplicable ;
; Instr_in[20]       ; Inapplicable ; Inapplicable ; Inapplicable ; Inapplicable ; Inapplicable ; Pass      ; Inapplicable ; Inapplicable ; Pass      ; Pass      ; Inapplicable ; Inapplicable ; Inapplicable ; Inapplicable ; Inapplicable ; Inapplicable ; Inapplicable ; Inapplicable ; Inapplicable ; Inapplicable ; Inapplicable ; Inapplicable ; Inapplicable ; Inapplicable ; Inapplicable ; Inapplicable ; Inapplicable ; Inapplicable ;
; Instr_in[21]       ; Inapplicable ; Inapplicable ; Inapplicable ; Inapplicable ; Inapplicable ; Pass      ; Inapplicable ; Inapplicable ; Pass      ; Pass      ; Inapplicable ; Inapplicable ; Inapplicable ; Inapplicable ; Inapplicable ; Inapplicable ; Inapplicable ; Inapplicable ; Inapplicable ; Inapplicable ; Inapplicable ; Inapplicable ; Inapplicable ; Inapplicable ; Inapplicable ; Inapplicable ; Inapplicable ; Inapplicable ;
; Instr_in[22]       ; Inapplicable ; Inapplicable ; Inapplicable ; Inapplicable ; Inapplicable ; Pass      ; Inapplicable ; Inapplicable ; Pass      ; Pass      ; Inapplicable ; Inapplicable ; Inapplicable ; Inapplicable ; Inapplicable ; Inapplicable ; Inapplicable ; Inapplicable ; Inapplicable ; Inapplicable ; Inapplicable ; Inapplicable ; Inapplicable ; Inapplicable ; Inapplicable ; Inapplicable ; Inapplicable ; Inapplicable ;
; Instr_in[23]       ; Inapplicable ; Inapplicable ; Inapplicable ; Inapplicable ; Inapplicable ; Pass      ; Inapplicable ; Inapplicable ; Pass      ; Pass      ; Inapplicable ; Inapplicable ; Inapplicable ; Inapplicable ; Inapplicable ; Inapplicable ; Inapplicable ; Inapplicable ; Inapplicable ; Inapplicable ; Inapplicable ; Inapplicable ; Inapplicable ; Inapplicable ; Inapplicable ; Inapplicable ; Inapplicable ; Inapplicable ;
; Instr_in[24]       ; Inapplicable ; Inapplicable ; Inapplicable ; Inapplicable ; Inapplicable ; Pass      ; Inapplicable ; Inapplicable ; Pass      ; Pass      ; Inapplicable ; Inapplicable ; Inapplicable ; Inapplicable ; Inapplicable ; Inapplicable ; Inapplicable ; Inapplicable ; Inapplicable ; Inapplicable ; Inapplicable ; Inapplicable ; Inapplicable ; Inapplicable ; Inapplicable ; Inapplicable ; Inapplicable ; Inapplicable ;
; Instr_in[25]       ; Inapplicable ; Inapplicable ; Inapplicable ; Inapplicable ; Inapplicable ; Pass      ; Inapplicable ; Inapplicable ; Pass      ; Pass      ; Inapplicable ; Inapplicable ; Inapplicable ; Inapplicable ; Inapplicable ; Inapplicable ; Inapplicable ; Inapplicable ; Inapplicable ; Inapplicable ; Inapplicable ; Inapplicable ; Inapplicable ; Inapplicable ; Inapplicable ; Inapplicable ; Inapplicable ; Inapplicable ;
; Instr_in[26]       ; Inapplicable ; Inapplicable ; Inapplicable ; Inapplicable ; Inapplicable ; Pass      ; Inapplicable ; Inapplicable ; Pass      ; Pass      ; Inapplicable ; Inapplicable ; Inapplicable ; Inapplicable ; Inapplicable ; Inapplicable ; Inapplicable ; Inapplicable ; Inapplicable ; Inapplicable ; Inapplicable ; Inapplicable ; Inapplicable ; Inapplicable ; Inapplicable ; Inapplicable ; Inapplicable ; Inapplicable ;
; Instr_in[27]       ; Inapplicable ; Inapplicable ; Inapplicable ; Inapplicable ; Inapplicable ; Pass      ; Inapplicable ; Inapplicable ; Pass      ; Pass      ; Inapplicable ; Inapplicable ; Inapplicable ; Inapplicable ; Inapplicable ; Inapplicable ; Inapplicable ; Inapplicable ; Inapplicable ; Inapplicable ; Inapplicable ; Inapplicable ; Inapplicable ; Inapplicable ; Inapplicable ; Inapplicable ; Inapplicable ; Inapplicable ;
; Instr_in[28]       ; Inapplicable ; Inapplicable ; Inapplicable ; Inapplicable ; Inapplicable ; Pass      ; Inapplicable ; Inapplicable ; Pass      ; Pass      ; Inapplicable ; Inapplicable ; Inapplicable ; Inapplicable ; Inapplicable ; Inapplicable ; Inapplicable ; Inapplicable ; Inapplicable ; Inapplicable ; Inapplicable ; Inapplicable ; Inapplicable ; Inapplicable ; Inapplicable ; Inapplicable ; Inapplicable ; Inapplicable ;
; Instr_in[29]       ; Inapplicable ; Inapplicable ; Inapplicable ; Inapplicable ; Inapplicable ; Pass      ; Inapplicable ; Inapplicable ; Pass      ; Pass      ; Inapplicable ; Inapplicable ; Inapplicable ; Inapplicable ; Inapplicable ; Inapplicable ; Inapplicable ; Inapplicable ; Inapplicable ; Inapplicable ; Inapplicable ; Inapplicable ; Inapplicable ; Inapplicable ; Inapplicable ; Inapplicable ; Inapplicable ; Inapplicable ;
; Instr_in[30]       ; Inapplicable ; Inapplicable ; Inapplicable ; Inapplicable ; Inapplicable ; Pass      ; Inapplicable ; Inapplicable ; Pass      ; Pass      ; Inapplicable ; Inapplicable ; Inapplicable ; Inapplicable ; Inapplicable ; Inapplicable ; Inapplicable ; Inapplicable ; Inapplicable ; Inapplicable ; Inapplicable ; Inapplicable ; Inapplicable ; Inapplicable ; Inapplicable ; Inapplicable ; Inapplicable ; Inapplicable ;
; Instr_in[31]       ; Inapplicable ; Inapplicable ; Inapplicable ; Inapplicable ; Inapplicable ; Pass      ; Inapplicable ; Inapplicable ; Pass      ; Pass      ; Inapplicable ; Inapplicable ; Inapplicable ; Inapplicable ; Inapplicable ; Inapplicable ; Inapplicable ; Inapplicable ; Inapplicable ; Inapplicable ; Inapplicable ; Inapplicable ; Inapplicable ; Inapplicable ; Inapplicable ; Inapplicable ; Inapplicable ; Inapplicable ;
; rst                ; Inapplicable ; Inapplicable ; Inapplicable ; Inapplicable ; Inapplicable ; Pass      ; Inapplicable ; Inapplicable ; Pass      ; Pass      ; Inapplicable ; Inapplicable ; Inapplicable ; Inapplicable ; Inapplicable ; Inapplicable ; Inapplicable ; Inapplicable ; Inapplicable ; Inapplicable ; Inapplicable ; Inapplicable ; Inapplicable ; Inapplicable ; Inapplicable ; Inapplicable ; Inapplicable ; Inapplicable ;
; ALUSrc             ; Inapplicable ; Inapplicable ; Inapplicable ; Inapplicable ; Inapplicable ; Pass      ; Inapplicable ; Inapplicable ; Pass      ; Pass      ; Inapplicable ; Inapplicable ; Inapplicable ; Inapplicable ; Inapplicable ; Inapplicable ; Inapplicable ; Inapplicable ; Inapplicable ; Inapplicable ; Inapplicable ; Inapplicable ; Inapplicable ; Inapplicable ; Inapplicable ; Inapplicable ; Inapplicable ; Inapplicable ;
; RegWrite           ; Inapplicable ; Inapplicable ; Inapplicable ; Inapplicable ; Inapplicable ; Pass      ; Inapplicable ; Inapplicable ; Pass      ; Pass      ; Inapplicable ; Inapplicable ; Inapplicable ; Inapplicable ; Inapplicable ; Inapplicable ; Inapplicable ; Inapplicable ; Inapplicable ; Inapplicable ; Inapplicable ; Inapplicable ; Inapplicable ; Inapplicable ; Inapplicable ; Inapplicable ; Inapplicable ; Inapplicable ;
+--------------------+--------------+--------------+--------------+--------------+--------------+-----------+--------------+--------------+-----------+-----------+--------------+--------------+--------------+--------------+--------------+--------------+--------------+--------------+--------------+--------------+--------------+--------------+--------------+--------------+--------------+--------------+--------------+--------------+


+------------------------------------------------------------------------------------------------+
; Fitter Device Options                                                                          ;
+------------------------------------------------------------------+-----------------------------+
; Option                                                           ; Setting                     ;
+------------------------------------------------------------------+-----------------------------+
; Enable user-supplied start-up clock (CLKUSR)                     ; Off                         ;
; Enable device-wide reset (DEV_CLRn)                              ; Off                         ;
; Enable device-wide output enable (DEV_OE)                        ; Off                         ;
; Enable INIT_DONE output                                          ; Off                         ;
; Configuration scheme                                             ; Passive Serial              ;
; Enable Error Detection CRC_ERROR pin                             ; Off                         ;
; Enable CvP_CONFDONE pin                                          ; Off                         ;
; Enable open drain on CRC_ERROR pin                               ; On                          ;
; Enable open drain on CvP_CONFDONE pin                            ; On                          ;
; Enable open drain on INIT_DONE pin                               ; On                          ;
; Enable open drain on Partial Reconfiguration pins                ; Off                         ;
; Enable open drain on nCEO pin                                    ; On                          ;
; Enable Partial Reconfiguration pins                              ; Off                         ;
; Enable input tri-state on active configuration pins in user mode ; Off                         ;
; Enable internal scrubbing                                        ; Off                         ;
; Active Serial clock source                                       ; 100 MHz Internal Oscillator ;
; Device initialization clock source                               ; Internal Oscillator         ;
; Configuration via Protocol                                       ; Off                         ;
; Configuration Voltage Level                                      ; Auto                        ;
; Force Configuration Voltage Level                                ; Off                         ;
; Enable nCEO output                                               ; Off                         ;
; Data[15..8]                                                      ; Unreserved                  ;
; Data[7..5]                                                       ; Unreserved                  ;
; Base pin-out file on sameframe device                            ; Off                         ;
+------------------------------------------------------------------+-----------------------------+


+------------------------------------+
; Operating Settings and Conditions  ;
+---------------------------+--------+
; Setting                   ; Value  ;
+---------------------------+--------+
; Nominal Core Voltage      ; 1.10 V ;
; Low Junction Temperature  ; 0 °C   ;
; High Junction Temperature ; 85 °C  ;
+---------------------------+--------+


+------------------------------------------------------------+
; Estimated Delay Added for Hold Timing Summary              ;
+-----------------+----------------------+-------------------+
; Source Clock(s) ; Destination Clock(s) ; Delay Added in ns ;
+-----------------+----------------------+-------------------+
; clk             ; clk                  ; 17.2              ;
+-----------------+----------------------+-------------------+
Note: For more information on problematic transfers, consider running the Fitter again with the Optimize hold timing option (Settings Menu) turned off.
This will disable optimization of problematic paths and expose them for further analysis using the Timing Analyzer.


+-----------------------------------------------------------------------------------------------------------------------------------------------------------------------------------------+
; Estimated Delay Added for Hold Timing Details                                                                                                                                           ;
+-------------------------------------------------------------------------------+-------------------------------------------------------------------------------------+-------------------+
; Source Register                                                               ; Destination Register                                                                ; Delay Added in ns ;
+-------------------------------------------------------------------------------+-------------------------------------------------------------------------------------+-------------------+
; ESM_Core:Core|ESM_Core_IIM:IIM|PRNG:prng|q[1]                                 ; ESM_Core:Core|ESM_Core_IIM:IIM|PRNG:prng|q[2]                                       ; 0.449             ;
; ESM_Core:Core|ESM_Core_IIM:IIM|PRNG:prng|q[18]                                ; ESM_Core:Core|ESM_Core_IIM:IIM|PRNG:prng|q[19]                                      ; 0.445             ;
; ESM_Core:Core|ESM_Core_IIM:IIM|PRNG:prng|q[20]                                ; ESM_Core:Core|ESM_Core_IIM:IIM|PRNG:prng|q[0]                                       ; 0.442             ;
; ESM_Core:Core|ESM_Core_IIM:IIM|PRNG:prng|q[16]                                ; ESM_Core:Core|ESM_Core_IIM:IIM|PRNG:prng|q[17]                                      ; 0.441             ;
; ESM_Core:Core|ESM_Core_IIM:IIM|PRNG:prng|q[13]                                ; ESM_Core:Core|ESM_Core_IIM:IIM|PRNG:prng|q[14]                                      ; 0.441             ;
; ESM_Core:Core|ESM_Core_IIM:IIM|PRNG:prng|q[12]                                ; ESM_Core:Core|ESM_Core_IIM:IIM|PRNG:prng|q[13]                                      ; 0.440             ;
; ESM_Core:Core|ESM_Core_IIM:IIM|PRNG:prng|q[30]                                ; ESM_Core:Core|ESM_Core_IIM:IIM|PRNG:prng|q[31]                                      ; 0.439             ;
; ESM_Core:Core|ESM_Core_IIM:IIM|PRNG:prng|q[29]                                ; ESM_Core:Core|ESM_Core_IIM:IIM|PRNG:prng|q[30]                                      ; 0.439             ;
; ESM_Core:Core|ESM_Core_IIM:IIM|PRNG:prng|q[25]                                ; ESM_Core:Core|ESM_Core_IIM:IIM|PRNG:prng|q[26]                                      ; 0.439             ;
; ESM_Core:Core|ESM_Core_IIM:IIM|PRNG:prng|q[21]                                ; ESM_Core:Core|ESM_Core_IIM:IIM|PRNG:prng|q[22]                                      ; 0.439             ;
; ESM_Core:Core|ESM_Core_IIM:IIM|PRNG:prng|q[23]                                ; ESM_Core:Core|ESM_Core_IIM:IIM|PRNG:prng|q[24]                                      ; 0.439             ;
; ESM_Core:Core|ESM_Core_IIM:IIM|PRNG:prng|q[7]                                 ; ESM_Core:Core|ESM_Core_IIM:IIM|PRNG:prng|q[8]                                       ; 0.439             ;
; ESM_Core:Core|ESM_Core_IIM:IIM|PRNG:prng|q[8]                                 ; ESM_Core:Core|ESM_Core_IIM:IIM|PRNG:prng|q[9]                                       ; 0.439             ;
; ESM_Core:Core|ESM_Core_IIM:IIM|PRNG:prng|q[9]                                 ; ESM_Core:Core|ESM_Core_IIM:IIM|PRNG:prng|q[10]                                      ; 0.439             ;
; ESM_Core:Core|ESM_Core_IIM:IIM|PRNG:prng|q[3]                                 ; ESM_Core:Core|ESM_Core_IIM:IIM|PRNG:prng|q[4]                                       ; 0.432             ;
; ESM_Core:Core|ESM_Core_IIM:IIM|PRNG:prng|q[5]                                 ; ESM_Core:Core|ESM_Core_IIM:IIM|PRNG:prng|q[6]                                       ; 0.426             ;
; ESM_Core:Core|ESM_Core_IIM:IIM|PRNG:prng|q[6]                                 ; ESM_Core:Core|ESM_Core_IIM:IIM|PRNG:prng|q[7]                                       ; 0.426             ;
; ESM_Core:Core|ESM_Core_IIM:IIM|PRNG:prng|q[17]                                ; ESM_Core:Core|ESM_Core_IIM:IIM|PRNG:prng|q[18]                                      ; 0.424             ;
; ESM_Core:Core|ESM_Core_IIM:IIM|PRNG:prng|q[14]                                ; ESM_Core:Core|ESM_Core_IIM:IIM|PRNG:prng|q[15]                                      ; 0.424             ;
; ESM_Core:Core|ESM_Core_IIM:IIM|PRNG:prng|q[28]                                ; ESM_Core:Core|ESM_Core_IIM:IIM|PRNG:prng|q[29]                                      ; 0.422             ;
; ESM_Core:Core|ESM_Core_IIM:IIM|PRNG:prng|q[24]                                ; ESM_Core:Core|ESM_Core_IIM:IIM|PRNG:prng|q[25]                                      ; 0.422             ;
; ESM_Core:Core|ESM_Core_IIM:IIM|PRNG:prng|q[26]                                ; ESM_Core:Core|ESM_Core_IIM:IIM|PRNG:prng|q[27]                                      ; 0.422             ;
; ESM_Core:Core|ESM_Core_IIM:IIM|PRNG:prng|q[27]                                ; ESM_Core:Core|ESM_Core_IIM:IIM|PRNG:prng|q[28]                                      ; 0.422             ;
; ESM_Core:Core|ESM_Core_IIM:IIM|PRNG:prng|q[22]                                ; ESM_Core:Core|ESM_Core_IIM:IIM|PRNG:prng|q[23]                                      ; 0.422             ;
; ESM_Core:Core|ESM_Core_IIM:IIM|PRNG:prng|q[19]                                ; ESM_Core:Core|ESM_Core_IIM:IIM|PRNG:prng|q[20]                                      ; 0.422             ;
; ESM_Core:Core|ESM_Core_IIM:IIM|PRNG:prng|q[15]                                ; ESM_Core:Core|ESM_Core_IIM:IIM|PRNG:prng|q[16]                                      ; 0.422             ;
; ESM_Core:Core|ESM_Core_IIM:IIM|PRNG:prng|q[10]                                ; ESM_Core:Core|ESM_Core_IIM:IIM|PRNG:prng|q[11]                                      ; 0.422             ;
; ESM_Core:Core|ESM_Core_IIM:IIM|PRNG:prng|q[2]                                 ; ESM_Core:Core|ESM_Core_IIM:IIM|PRNG:prng|q[0]                                       ; 0.338             ;
; ESM_Core:Core|ESM_Core_IIM:IIM|PRNG:prng|q[4]                                 ; ESM_Core:Core|ESM_Core_IIM:IIM|PRNG:prng|q[0]                                       ; 0.338             ;
; ESM_Core:Core|ESM_Core_IIM:IIM|Synchronizer:synchronizer_1|out[0]             ; ESM_Core:Core|ESM_Core_IDA:IDA|IDT:idt_table|idt[14][0]                             ; 0.279             ;
; ESM_Core:Core|ESM_Core_IIM:IIM|Synchronizer:synchronizer_1|out[3]             ; ESM_Core:Core|ESM_Core_IDA:IDA|IDT:idt_table|idt[14][0]                             ; 0.275             ;
; ESM_Core:Core|ESM_Core_IIM:IIM|Synchronizer:synchronizer_1|out[1]             ; ESM_Core:Core|ESM_Core_IDA:IDA|IDT:idt_table|idt[13][0]                             ; 0.256             ;
; ESM_Core:Core|ESM_Core_IIM:IIM|Synchronizer:synchronizer_1|out[2]             ; ESM_Core:Core|ESM_Core_IDA:IDA|IDT:idt_table|idt[13][0]                             ; 0.142             ;
; ESM_Core:Core|ESM_Core_IIM:IIM|MappingTable:mapping_table|mapping_table[0][1] ; ESM_Core:Core|ESM_Core_IIM:IIM|MappingTable:mapping_table|next_buffer_index_copy[1] ; 0.139             ;
; ESM_Core:Core|ESM_Core_IIM:IIM|PRNG:prng|q[31]                                ; ESM_Core:Core|ESM_Core_IIM:IIM|PRNG:prng|q[0]                                       ; 0.105             ;
; ESM_Core:Core|ESM_Core_IIM:IIM|PRNG:prng|q[11]                                ; ESM_Core:Core|ESM_Core_IIM:IIM|PRNG:prng|q[12]                                      ; 0.095             ;
+-------------------------------------------------------------------------------+-------------------------------------------------------------------------------------+-------------------+
Note: This table only shows the top 36 path(s) that have the largest delay added for hold.


+-----------------+
; Fitter Messages ;
+-----------------+
Warning (18236): Number of processors has not been specified which may cause overloading on shared machines.  Set the global assignment NUM_PARALLEL_PROCESSORS in your QSF to an appropriate value for best performance.
Info (20030): Parallel compilation is enabled and will use 4 of the 4 processors detected
Info (119006): Selected device 5CGXFC7C7F23C8 for design "ESM"
Info (21077): Low junction temperature is 0 degrees C
Info (21077): High junction temperature is 85 degrees C
Info (171003): Fitter is performing an Auto Fit compilation, which may decrease Fitter effort to reduce compilation time
Warning (292013): Feature LogicLock is only available with a valid subscription license. You can purchase a software subscription to gain full access to this feature.
Warning (15714): Some pins have incomplete I/O assignments. Refer to the I/O Assignment Warnings report for details
Info (176045): Design uses memory blocks. Violating setup or hold times of memory block address registers for either read or write operations could cause memory contents to be corrupted. Make sure that all memory block address registers meet the setup and hold time requirements.
Critical Warning (169085): No exact pin location assignment(s) for 68 pins of 68 total pins. For the list of pins please refer to the I/O Assignment Warnings table in the fitter report.
Info (184020): Starting Fitter periphery placement operations
Info (11191): Automatically promoted 2 clocks (2 global)
    Info (11162): clk~inputCLKENA0 with 1424 fanout uses global clock CLKCTRL_G10
    Info (11162): rst~inputCLKENA0 with 1388 fanout uses global clock CLKCTRL_G8
Info (184021): Fitter periphery placement operations ending: elapsed time is 00:00:00
Info (176233): Starting register packing
Info (176235): Finished register packing
    Extra Info (176219): No registers were packed into other blocks
Info (11798): Fitter preparation operations ending: elapsed time is 00:00:07
Critical Warning (332012): Synopsys Design Constraints File file not found: 'ESM.sdc'. A Synopsys Design Constraints File is required by the Timing Analyzer to get proper timing constraints. Without it, the Compiler will not properly optimize the design.
Info (332144): No user constrained base clocks found in the design
Info (332143): No user constrained clock uncertainty found in the design. Calling "derive_clock_uncertainty"
Info (332123): Deriving Clock Uncertainty. Please refer to report_sdc in the Timing Analyzer to see clock uncertainties.
Info (332130): Timing requirements not specified -- quality metrics such as performance may be sacrificed to reduce compilation time.
Info (170189): Fitter placement preparation operations beginning
Info (14951): The Fitter is using Advanced Physical Optimization.
Info (170190): Fitter placement preparation operations ending: elapsed time is 00:00:06
Info (170191): Fitter placement operations beginning
Info (170137): Fitter placement was successful
Info (170192): Fitter placement operations ending: elapsed time is 00:00:04
Info (170193): Fitter routing operations beginning
Info (170195): Router estimated average interconnect usage is 0% of the available device resources
    Info (170196): Router estimated peak interconnect usage is 7% of the available device resources in the region that extends from location X33_Y23 to location X44_Y34
Info (170199): The Fitter performed an Auto Fit compilation.  Optimizations were skipped to reduce compilation time.
    Info (170201): Optimizations that may affect the design's routability were skipped
Info (170194): Fitter routing operations ending: elapsed time is 00:00:07
Info (11888): Total time spent on timing analysis during the Fitter is 2.29 seconds.
Info (334003): Started post-fitting delay annotation
Info (334004): Delay annotation completed successfully
Info (334003): Started post-fitting delay annotation
Info (334004): Delay annotation completed successfully
Info (11801): Fitter post-fit operations ending: elapsed time is 00:00:07
Info (144001): Generated suppressed messages file C:/Users/nawaz/OneDrive/Desktop/programing/verilog/ESM_MODULE/ESM_MODULE/output_files/ESM.fit.smsg
Info: Quartus Prime Fitter was successful. 0 errors, 5 warnings
    Info: Peak virtual memory: 6821 megabytes
    Info: Processing ended: Sun Apr 13 22:24:54 2025
    Info: Elapsed time: 00:00:55
    Info: Total CPU time (on all processors): 00:01:59


+----------------------------+
; Fitter Suppressed Messages ;
+----------------------------+
The suppressed messages can be found in C:/Users/nawaz/OneDrive/Desktop/programing/verilog/ESM_MODULE/ESM_MODULE/output_files/ESM.fit.smsg.


